x,y,p,ax,ay,vx,vy,altidude,azimuth,v,a,att,dvp,alfa,sina,cosa,deva,devsina,devcosa,beta
-2.0523281819379013,0.5085832037099962,-0.05994461149874589,0.4245035685666401,-0.37887044969749967,0.7340246459106857,-0.702382044261109,-0.7810387442206562,-2.552225721425368,2.0072067252982806,-0.4098594657196602,-0.34921550371518595,1.216853908419101,-0.3205062739343662,-0.32050682268405295,0.23975962928526814,-0.03675634597353081,-0.03675634597353081,-0.03675634597353081,-0.04410573209898442
-1.991586103668808,0.2935146613257077,0.9246446808733854,0.7198316704652554,-1.1570758312702139,1.0829572410185695,-1.411593893848731,-0.7810387442206562,-2.548153788983763,1.8898185125128224,0.47875942535564475,-0.6782797352297593,1.1446095888812107,-0.4915227198831519,-0.4915237735909339,0.2231381964283633,-0.1444897496640256,-0.1444897496640256,-0.1444897496640256,-0.09731688235580581
-1.9246784761017233,-0.044233824249618636,1.8788609145440747,-0.32849867584513487,-0.3565280243230156,0.8788962279206031,-1.65316819755066,-0.7810387442206562,-2.4008004633007407,1.7672927208612386,-0.4345001838381291,-0.6657286403176055,1.058436112135596,-0.561028507388901,-0.5610297635201986,0.23223867247412797,-0.04567207844953306,-0.04567207844953306,-0.04567207844953306,-0.1584496320880932
-1.8364197796693753,-0.49449301610244,2.1898318946526607,1.2326532628111413,-0.8519398940386833,1.5308183469652303,-2.2115664145619833,-0.7810387442206562,-2.4008004633007407,1.6314361625033393,0.4165970557456806,-0.7418094452610777,0.4553380071097543,-0.718207974433721,-0.7182096792292687,0.18199569505469296,-0.12288929477788714,-0.12288929477788714,-0.12288929477788714,-0.223677641966483
-1.7070574212504224,-1.058344747946963,2.1701333124007807,0.8549989881929911,-0.7572884491862333,1.9495039260154046,-2.6801472006797105,-0.7810387442206562,-2.4008004633007407,1.4763167379472644,0.1379400386574884,-0.9070763865087366,0.14415234910573654,-0.8695315588206476,-0.8695336797715286,0.12259248133072345,-0.12606155999632684,-0.12606155999632684,-0.12606155999632684,-0.30572043540005717
-1.58386061212946,-1.6412367531615235,1.855243530342039,-0.984151909251425,0.5231844852954071,1.3859467649553132,-2.3591311085469577,-0.7810387442206562,-2.4008004633007407,1.39716757798753,0.0467004949928678,-0.4181713065166192,-0.1314606322320553,-0.7991001737046352,-0.7991021031875897,0.18676079230272952,0.07757538864096533,0.07757538864096533,0.07757538864096533,-0.3365843532543401
-1.5182089297897445,-1.9878562751933455,1.7569919278062016,1.2965672181731671,-0.08743563284759819,1.547585890884101,-2.3754806054236766,-0.7810387442206562,-2.4008004633007407,1.3944319949994313,0.0604674822529796,-0.03280719641121498,-0.22773157831154306,-0.8041371264882369,-0.8041390697990543,0.16898883973297388,-0.00330987017365947,-0.00330987017365947,-0.00330987017365947,-0.20556586794680498
-1.4678569438561537,-2.223046924661879,1.1355127049470806,-0.5692277990647765,0.9975943900219698,1.2906039290056142,-1.897991439956536,-0.7810387442206562,-2.4008004633007407,1.3973505422527612,0.24985808750510743,0.05532725851157253,-0.5982041769981534,-0.6725290263117788,-0.6725306022206227,0.1961350998489058,0.16712097888248925,0.16712097888248925,0.16712097888248925,-0.14623155106410043
-1.4035753835826583,-2.5742101482933677,0.6827775369189227,-0.7895533733637936,0.36754887177403045,0.8606196047364866,-1.6895353487161933,-0.7810387442206562,-0.470128963116695,1.4383071660209017,-0.17926545359894291,0.28190061994396154,-0.28723251411020034,-0.6097544903004507,-0.6097558870047072,0.22943801447399476,0.07428721946337484,0.07428721946337484,0.07428721946337484,-0.20318556973540386
-1.3673813256666756,-2.837744841074115,0.5384987601706568,-0.8575472270320216,1.3865089078771653,0.3664800767373775,-0.8164093077949528,-0.7810387442206562,-0.19832999686270558,1.5002546385192035,0.7443794425083878,0.3870896083150436,0.02850195341756083,-0.37000078339610304,-0.37000147904436215,0.24748872482626863,0.22670336435391175,0.22670336435391175,0.22670336435391175,-0.14141369520147584
-1.358018824880838,-2.915420501754155,0.6418063704028054,-0.2792635216367096,1.0464561028153547,0.18941480983636752,-0.1607525424753506,-0.7810387442206562,-0.19095710183073245,1.5223002437558324,0.22824316589832205,0.1593633077034283,0.2606356223882429,-0.19613417982926837,-0.19613435812866298,0.2490168122918976,0.16867433281166558,0.16867433281166558,0.16867433281166558,-0.04707135511296305
-1.3647552583730873,-2.745356241880865,0.45458999540013223,-0.42176752271972995,2.566979230564775,-0.03576213055273623,1.2757673948682524,-0.7810387442206562,-0.18688516938913055,1.4563471560577566,1.934840237356308,-0.39304652495402975,-0.03515996921660619,0.19055797157368085,0.1905589327463404,0.24735962255894875,0.4015268301806898,0.4015268301806898,0.4015268301806898,0.05918512757416463
-1.3911301081478251,-2.276056776658006,0.5771466231054614,-0.38723427805974314,1.4013128135825348,-0.27202800693596124,2.1583607732203265,-0.7810387442206562,-0.17224900272779048,1.3031515618154723,0.636900152329311,-0.8407660798406564,0.27868324249432974,0.46147950473484406,0.46148122251144813,0.24037169476911435,0.25415393783979895,0.25415393783979895,0.25415393783979895,0.20330427104209098
-1.4267532818695492,-1.634529384133442,0.7340000410779735,0.12195711371838346,0.4591070651146581,-0.22910309374783766,2.4383983174872665,-0.7810387442206562,-0.17224900272779048,1.1433064331993095,-0.45758332621822545,-0.8787160297425901,0.3108394521165487,0.5843447104503333,0.5843467517221621,0.24113005599349124,0.12375565266232982,0.12375565266232982,0.12375565266232982,0.31566008294432507
-1.4583802662314642,-0.9748271852102072,1.0673371719770173,0.10053141190735293,0.048206511577211675,-0.19975989137806188,2.454643010397372,-0.7810387442206562,-0.1287804387674009,1.0407465097330408,-0.899475256370322,-0.5883631178535383,0.4958414853826267,0.6201170199362674,0.6201191525556716,0.2417161749140786,0.04901907083603557,0.04901907083603557,0.04901907083603557,0.35569441854523337
-1.4784753898693601,-0.37938590891084895,1.2482128491365172,0.48434008087353103,-0.7829460478684985,0.04186042075219264,1.940367475287978,-0.7810387442206562,-0.1287804387674009,1.0005871395018169,0.0174946940774785,-0.1956503774277399,0.33336239948271074,0.47015033971931286,0.47015208078820264,0.24814717741704198,-0.11653674605585165,-0.11653674605585165,-0.11653674605585165,0.33481744749676134
-1.469569596438929,0.10570832853942759,1.474826227016211,0.8852549078085608,-0.7549224190613363,0.5033032375245214,1.4440135046112454,-0.7810387442206562,-0.1287804387674009,0.9721944176862849,0.15053620088271724,-0.12849624406857835,0.3762454529398955,0.3188109017048077,0.31881222740634857,0.24261748237472616,-0.11774578089839918,-0.11774578089839918,-0.11774578089839918,0.27405401283700614
-1.4383993194324203,0.4544915179996621,1.714780195243379,0.21132962187372914,-0.7980333303835294,0.5898237656749756,0.9509084725246942,-0.7810387442206562,-0.1287804387674009,0.9359164843147738,-0.022620037341285162,-0.1864386460563786,0.40281451224563886,0.16628011883387026,0.166281009956306,0.23858519844178838,-0.12719123245368277,-0.12719123245368277,-0.12719123245368277,0.20005516244821
-1.4121386464965342,0.6591744567275664,1.8177774821337678,-0.32452316648888596,-0.9540376760065602,0.38794253333143924,0.3272170705885988,-0.7810387442206562,-0.1287804387674009,0.912036699635524,0.18236550331551502,-0.10274019434054278,0.2603446674143326,-0.034534879755226594,-0.03453457731416609,0.24613867055269475,-0.16132060389075756,-0.16132060389075756,-0.16132060389075756,0.11737290362234146
-1.3986657795120359,0.7346864499791929,1.7446966584029093,-0.1814048300866869,-0.673637507593829,0.2645334079155839,-0.1171538828888809,-0.7810387442206562,-0.1287804387674009,0.898933007937836,-0.15174254490823147,-0.04123931837013742,0.09525619730059079,-0.18000426561282473,-0.18000439582487254,0.24847055714774274,-0.11257582467872532,-0.11257582467872532,-0.11257582467872532,0.03834380537872049
-1.3999217247394045,0.6559289555849463,2.193015133306803,-0.40309681511346146,-1.2975934346408484,0.033979674969768704,-0.9109429398887519,-0.7810387442206562,-0.1287804387674009,0.8906193537869794,0.5726127961182519,-0.01686727163633269,0.6103842584072191,-0.442244597984876,-0.44224550703982457,0.24794196061815524,-0.22985525533154383,-0.22985525533154383,-0.22985525533154383,-0.058081281328520036
-1.444564868730411,0.3261860394947495,2.197358690330991,-1.395158413714794,-1.7791778558847555,-0.7549332803023516,-2.0623248490544523,-0.7810387442206562,-0.1287804387674009,0.937282243906803,1.378760066878834,0.29985806659463643,0.1678482561511224,-0.8112920725752871,-0.8112940354938525,0.19908199250767158,-0.30948871511233833,-0.30948871511233833,-0.30948871511233833,-0.21749759984473716
-1.559312591776349,-0.28721367646043955,1.617082810800715,-1.5073901005894945,-1.5494168763082612,-1.605383122842051,-3.0667708910658122,-0.7626987196565527,-0.1287804387674009,1.1357491532207984,1.2088646422179976,1.1662277398732463,-0.3802830705604299,-1.0690787795580414,-1.0690814177789654,0.0904857591915337,-0.21149754131945112,-0.21149754131945112,-0.21149754131945112,-0.3658010547002995
-1.7225854713342506,-0.994083825323086,0.92588492366661,-0.7676586672468992,0.2165838627212733,-2.0240687018977153,-2.949180275583472,-0.7626987196565527,-0.1287804387674009,1.49239438361758,-0.26593529501955576,2.19619100672025,-0.5247856696049394,-0.9375999595132216,-0.9376022613709388,0.059607962408486995,0.13857932729771114,0.13857932729771114,0.13857932729771114,-0.34313348227664486
-1.877409264817128,-1.5319715480266487,0.5030475509094547,1.1693509217681908,1.8851983949914617,-1.4068553993469795,-1.7571342319491645,-0.7626987196565527,-0.1287804387674009,1.853065190513208,1.330217225166804,2.0919511726751874,-0.2326708425074211,-0.5768638634390053,-0.5768651653850995,0.17067855692801373,0.333256703590377,0.333256703590377,0.333256703590377,-0.2027550382655541
-1.9889600363752191,-1.827961252233597,0.38162465397536094,0.5363510350673317,1.2936000912694716,-1.2002792543363343,-1.1348859067608514,-0.7626987196565527,-0.1287804387674009,2.104349116393729,0.5312984581436738,1.9089297174562603,0.014902249560332993,-0.41338250419179445,-0.4133833281582679,0.19766105323193672,0.20383035033482302,0.20383035033482302,0.20383035033482302,-0.09028481765092053
-2.047761108383834,-1.9428519926823475,0.2073667837056209,-0.3982230038124644,1.627867607046741,-1.2572889059483605,-0.8931261804426166,-0.7626987196565527,-0.1287804387674009,2.2284338042341227,0.8882561653864872,3.043272464634375,-0.5305970132223621,-0.35465440141204935,-0.3546550515627679,0.19685542164557565,0.23537043282627662,0.23537043282627662,0.23537043282627662,-0.03314457902401555
-2.100396631094458,-1.9800670724510576,-0.09619247896387104,0.4266442304901109,1.199994269837611,-1.1090638138310918,-0.3609989500901983,-0.7626987196565527,-0.1287804387674009,2.3236506183132875,0.4074414680175693,0.8033869871353416,-0.23942607485523423,-0.23952074910459814,-0.23952105674687213,0.2091582075501672,0.15919710676591856,0.15919710676591856,0.15919710676591856,-0.005890835921918454
-2.1548589832267093,-1.9766052045655962,-0.24165662622696135,1.9814534719269152,1.3660521245021933,-0.5465685976709188,0.09431824806492685,-0.7626987196565527,-0.1287804387674009,2.4121405584422364,1.2177815396656955,0.9874838318154511,-0.09384074931592361,-0.14546519737063682,-0.14546522464685113,0.23709668528926084,0.172015735843655,0.172015735843655,0.172015735843655,0.008918185494739711
-2.1861434370720696,-1.8673399994307214,-0.4335802184199474,0.5837617936974819,1.585903368290066,-0.3375332128909142,0.8006537969122437,-0.7626987196565527,-0.1287804387674009,2.4386103827250074,0.8592125346771459,0.24755781901209492,-0.09114626037151564,-0.00213248968430924,-0.00213209137025825,0.24313818123111247,0.19438126318027532,0.19438126318027532,0.19438126318027532,0.03817851450016868
-2.20315578606097,-1.620898279334438,-0.6800691598323689,0.8872936303518983,0.37170393483512476,0.12502744005418212,1.024795623972114,-0.7626987196565527,-0.1287804387674009,2.4155496157058147,-0.1696858676961652,-0.09806593033642347,-0.06732892331631823,0.04489213605350978,0.0448926729979747,0.24899161384675314,0.056960252921095404,0.056960252921095404,0.056960252921095404,0.08287692176247276
-2.1879702664936964,-1.295699064843909,-1.0225158162660857,0.9498760477009518,0.31583421464450334,0.5926742481914126,1.202124787501054,-0.7626987196565527,-0.1287804387674009,2.3323568454582015,-0.15381422598200753,-0.4709234812725738,-0.1773646737216814,0.0872122709453094,0.08721293203652364,0.24464323271295296,0.05514639612847684,0.05514639612847684,0.05514639612847684,0.1057870516434012
-2.164221484012547,-1.0907997593731635,-1.1033291865159305,0.7471640637350863,-2.3051830050756172,0.7061234526148086,0.7645451641603511,-0.7626987196565527,-0.1287804387674009,2.261516501266878,1.7240557303203121,-1.3410646324129065,-0.09384060617487427,-0.0005702716383762004,-0.000569868708671157,0.24172210418257345,-0.24732047339036448,-0.24732047339036448,-0.24732047339036448,0.06240809011176653
-2.1473233118624986,-1.0109604312647102,-1.8296311894860142,0.043670160478365354,0.021217380757441957,0.7061234526148086,0.7645451641603511,-0.7626987196565527,-0.1287804387674009,2.2219648779779915,-0.9543653109429852,-0.9257959279407131,-2.730350943109246,0.0015325243521850627,0.001532933493678972,0.24156954538529962,0.02341507164179508,0.02341507164179508,0.02341507164179508,0.017155965300508055
-1.6343267749019026,-0.3648893371404794,-1.1831242274872569,0.043670160478365354,0.021217380757441957,0.16795235324230573,-0.18758248683625503,0.16348674390849546,-0.07254579684936906,1.2708991189460745,-0.9543653109429852,-0.26604543883351894,0.19723247097861465,-0.2032005669809559,-0.2032007663481251,0.24903462469230564,0.005591575918282272,0.005591575918282272,0.005591575918282272,0.19916921099476653
-1.1314919765991058,0.23747567492980154,-1.1831242274872569,0.043670160478365354,0.021217380757441957,0.16795235324230573,-0.18758248683625503,0.16348674390849546,-0.07254579684936906,0.3865770786072257,-0.9543653109429852,-6.56633371878705,0.16377579545967968,-0.2032005669809559,-0.2032007663481251,0.24903462469230564,0.015544052322888252,0.015544052322888252,0.015544052322888252,0.3636295592276739
-1.1345747512481013,0.2385575086440082,-0.4694411514683159,-0.1054687790109419,0.03601787182015489,0.09098932529850787,-0.1786741068725543,0.16348674390849546,-0.07254579684936906,0.3920109513268297,-0.8332933145771024,0.06649575756992605,0.8747366846096237,-0.19951583542803414,-0.19951602380949024,0.24846970524445638,0.018992151109199173,0.018992151109199173,0.018992151109199173,-0.010256935955523818
-1.1381142332525034,0.24072117607242158,-0.15704696709626,0.28671139522679956,0.19882327341577033,0.12234463298968438,-0.15194896698955437,0.16348674390849546,-0.07254579684936906,0.39830196314809985,-0.6748320747060113,0.18613670345193425,1.4085862977646773,-0.18850829084085377,-0.18850844640490713,0.24883749800162636,0.056746620907537355,0.056746620907537355,0.056746620907537355,-0.009509035433484561
-1.1408544773849436,0.24526487767208963,0.2977848230096595,0.028991356728061565,0.007451387698255779,0.11429621175715124,-0.1607525424753506,0.16348674390849546,-0.07254579684936906,0.403336872998357,-0.9348897123420818,0.062280564582966214,0.5902199692347284,-0.19216609904887139,-0.19216626551797727,0.24876316214249836,0.012322495188758683,0.012322495188758683,0.012322495188758683,-0.007587286256579985
-1.143480544678532,0.2519722467001711,0.2659645584737833,0.12685004829588464,0.018595286839135274,0.15990393201953257,-0.16242941399790714,0.16348674390849546,-0.07254579684936906,0.40830372553409583,-0.8874162772977842,0.061892150662215865,0.13394154307982445,-0.19288147442088388,-0.1928816430227688,0.2490285470434478,0.014913996698937601,0.014913996698937601,0.014913996698937601,-0.005949874365278597
-1.1438230751950873,0.2562995815569978,0.21608452602132303,0.07486261840325995,-0.003159898646767918,0.16795235324230573,-0.16976572691290467,0.16348674390849546,-0.07254579684936906,0.4091580685617288,-0.9171948375260741,0.04390676046184812,0.06439624339037579,-0.19589433447756496,-0.19589451206188857,0.24903462469230564,0.009905302823318921,0.009905302823318921,0.009905302823318921,-0.00738719841445243
-1.1402835931906852,0.2597614494424592,-1.8296311894860142,0.043670160478365354,0.021217380757441957,0.16795235324230573,-0.16976572691290467,0.16348674390849546,-0.07254579684936906,0.4032018304691982,-0.9543653109429852,-0.11092555705221134,-7.987875338868244,-0.1958724939975978,-0.19587267151680657,0.24903462469230564,0.015625803876710465,0.015625803876710465,0.015625803876710465,-0.007387529543690891
-0.8695703082733529,-0.6675864103755093,-1.1831242274872569,0.043670160478365354,0.021217380757441957,0.16795235324230573,-0.18758248683625503,0.03510510290948306,-0.046684770726266055,-0.0077575896922106695,-0.9543653109429852,-0.06490380660085629,0.189219390669361,-0.2032005669809559,-0.2032007663481251,0.24903462469230564,0.015273140104918268,0.015273140104918268,0.015273140104918268,-0.8582158836025668
-0.6001129685833894,-1.6243601472198994,-1.361923809165038,0.11437306511871766,-0.21559047622442734,0.21356007350322306,-0.36575008610216686,0.03510510290948306,-0.046684770726266055,-0.054882916485238256,-0.6818777961033421,-0.19506343920778374,0.021281723357406017,-0.2983582169183994,-0.29835869980088553,0.24870386351152457,-0.055693262561924375,-0.055693262561924375,-0.055693262561924375,-1.163354928952671
-0.6031957432323847,-1.6546514912176864,-0.8997664082660255,-0.4583622985940746,0.31827812444951387,0.003062903052069792,-0.22047496670395275,0.03510510290948306,-0.046684770726266055,-0.03578393455541023,-0.4302372521301864,0.17608520664429883,0.7304153073802454,-0.2205521597771466,-0.22055241087551433,0.24481689098162737,0.1051555807172557,0.1051555807172557,0.1051555807172557,-0.02502889944239632
-0.6232908668702802,-1.6029398396786072,-0.2532573047129564,-0.28679111327460205,0.7386626167159726,-0.17812975933694083,0.23834287989310282,0.03510510290948306,-0.046684770726266055,-0.037793680950176746,-0.10438858757626379,0.022075591334599187,0.769934042181028,0.021776593156056682,0.02177706203689991,0.23040620093727598,0.22897129570280353,0.22897129570280353,0.22897129570280353,0.06003094703028746
-0.653661906004827,-1.3374578462122872,0.3735433169503765,-0.042434020281511595,2.1937553453488974,-0.2225637515095576,1.545988254099901,0.03510510290948306,-0.046684770726266055,-0.12318701293606804,1.4914723082955195,-0.48426737183717367,0.7881856245198876,0.7658184423554728,0.7658209320421052,0.2224722304938536,0.7118036743627634,0.7118036743627634,0.7118036743627634,0.23777467607046132
-0.6938521532806182,-0.8331069686491317,0.6483087757998482,-0.2960829842373438,0.8712674528622332,-0.40885116772310515,2.0896090407955086,0.03510510290948306,-0.046684770726266055,-0.25260331249889995,0.04048063791992424,-0.7050538643607974,0.42139219696192254,1.192924406036138,1.1929277709664752,0.1793217414519696,0.3917109221479199,0.3917109221479199,0.3917109221479199,0.5089976456667905
-0.7236523082209065,-0.4661489727902249,0.6079020906749258,0.4491721143719889,0.8960134606395687,-0.35653642966283966,2.2212434548007107,0.03510510290948306,-0.046684770726266055,-0.29137251140041753,0.08267546485996721,-0.9068178896070654,0.0027655447016715936,1.3177405770853308,1.3177441389524058,0.18789903293242521,0.48274605207129123,0.48274605207129123,0.48274605207129123,0.41584587313444304
-0.7325581016513376,-0.33459799314269223,0.3897098700421172,1.2809709912344032,-3.1993694730243396,-0.19690940877866497,1.7366275848855812,0.03510510290948306,-0.046684770726266055,-0.29592805275490414,2.803984907905344,-0.0769510613725532,-0.7056641024402414,1.0160315693183084,1.0160346066229253,0.21924038213183278,-1.113789196038862,-1.113789196038862,-1.113789196038862,0.14520940412822259
-0.7402079498544001,-0.21970725269394256,0.312939107825651,-0.22146573182649987,-0.40503676165485164,-0.23111519896813099,1.6724872491615201,0.03510510290948306,-0.046684770726266055,-0.29474169218597646,-0.4294392382745297,0.0623212141968793,-0.14213595276672317,0.9743104171556665,0.9743133695842047,0.213457394242194,-0.14062325817920554,-0.14062325817920554,-0.14062325817920554,0.12573536305053248
-0.7482003285740175,-0.07430880150456443,-0.07795928555473054,0.8074361054512458,-1.6276669552583465,-0.009411003367359951,1.1142287720894277,0.03510510290948306,-0.046684770726266055,-0.28902253918070686,1.0001900530886854,0.09519908507041772,-0.5285040227291323,0.6172819710405677,0.6172840964703404,0.24206870719686513,-0.5784117639575413,-0.5784117639575413,-0.5784117639575413,0.1604848243027958
-0.7535666400000466,0.08645168842654863,-0.36914723343952477,0.46592361887137745,-0.37346238248395314,0.09954077286337373,0.9954503720742076,0.03510510290948306,-0.046684770726266055,-0.2796301767755997,-0.3953031931759296,0.14745340785074704,-0.4163787557529836,0.5370732437569183,0.5370751622884523,0.24801307778558368,-0.1345714235136047,-0.1345714235136047,-0.1345714235136047,0.17598136272267315
-0.7549367620662667,0.2630069505850792,-1.283846003823499,0.14467430996283318,-0.6446369106832732,0.16795235324230573,0.4694317459934073,0.03510510290948306,-0.046684770726266055,-0.2663947121282108,-0.20066012481643536,0.09469445348384563,-0.5304793312057046,0.203807930315633,0.20380892959122704,0.24903462469230564,-0.2220659117635123,-0.2220659117635123,-0.2220659117635123,0.19140842290611418
-0.7464876759912424,0.38460506006191036,-1.5013268728460203,0.40574731905848116,-0.8016206631340083,0.3664800766948928,-0.0567865081048361,0.03510510290948306,-0.046684770726266055,-0.26695468511947607,0.01630374017280243,0.030349678653059955,-0.040131344454390566,-0.12214050125452951,-0.12214045906484991,0.24059592749802022,-0.27152990971047897,-0.27152990971047897,-0.27152990971047897,0.13075472994097637
-0.7352983457837778,0.40148166600353463,-1.5659775690458961,0.6259293774104742,-0.8480067535797525,0.44159867500691363,-0.18758248683625503,0.03510510290948306,-0.046684770726266055,-0.2837280454625072,0.1300849191667674,-0.3732994629954524,-0.09384060645603529,-0.2032005669809559,-0.2032007663481251,0.23258711091837445,-0.2878735624950585,-0.2878735624950585,-0.2878735624950585,0.015087012969152184
-0.7290186196469354,0.39585613068965986,-1.8296311894860142,0.043670160478365354,0.021217380757441957,0.44159867500691363,-0.18758248683625503,0.03510510290948306,-0.046684770726266055,-0.29528083042796877,-0.9543653109429852,-0.24667218373740699,-0.8868160907363222,-0.2032005669809559,-0.2032007663481251,0.23229212345932027,0.015544052322888252,0.015544052322888252,0.015544052322888252,-0.013139521804120107
-0.485479422376303,-0.5314917291283086,-1.1831242274872569,0.043670160478365354,0.021217380757441957,0.16795235324230573,-0.18758248683625503,-0.40546975881286973,0.0689751310909581,-0.6709937587316106,-0.9543653109429852,-0.24903049822656403,0.24365685018773223,-0.2032005669809559,-0.2032007663481251,0.24903462469230564,0.015544052322888252,0.015544052322888252,0.015544052322888252,-1.3824235831813547
-0.23828656626241693,-1.5049257051714817,-0.9891721388876294,0.570804242515614,-1.0504432645396686,0.388974382220707,-0.7116693327282386,-0.40546975881286973,0.0689751310909581,-0.4672999765218121,0.3239419666710711,1.5537545810822226,0.40157555070817763,-0.5859958649651851,-0.5859971932761119,0.23450662794380878,-0.4253325705892463,-0.4253325705892463,-0.4253325705892463,-1.7223641423398577
-0.23063671805935443,-1.5903905685938096,-0.6949841562590505,-0.36253162345230644,0.43016633385901304,0.17935428330805356,-0.46552394170371686,-0.40546975881286973,0.0689751310909581,-0.416560255560111,-0.39002987410663686,0.3412239168390466,0.4568416629714449,-0.3974269553032888,-0.39742773212999777,0.2489992353000436,0.19200310218807198,0.19200310218807198,0.19200310218807198,-0.0739279801965255
-0.23782985890701022,-1.6265238146483127,-0.2814945468520655,-0.3049514281688686,0.42698641462121406,-0.011795720732961854,-0.20602807358437683,-0.40546975881286973,0.0689751310909581,-0.3887778421576258,-0.41855536933682247,0.19210418404591756,0.5514580961390841,-0.21579211211090352,-0.21579234901829009,0.24064177297608133,0.17551608789466197,0.17551608789466197,0.17551608789466197,-0.004317890981245676
-0.27802010618280143,-1.5378134500833647,0.26984828742125044,-1.0229895774168822,1.153961953465929,-0.5966476629211459,0.5183804241600429,-0.40546975881286973,0.0689751310909581,-0.4195002767882738,0.5820480519695669,-0.1417922855474291,0.6807074270930137,0.29136845789899485,0.29136970645941024,0.0890911272946945,0.46221775941713256,0.46221775941713256,0.46221775941713256,0.15212338253914598
-0.3552036492465368,-1.2675713882745354,0.5078955449907433,-1.820368018767285,2.8146214335299273,-1.3180991983222732,1.7793878087016224,-0.40546975881286973,0.0689751310909581,-0.5165302872393908,2.5282259395318527,-0.750955869775956,0.47996150036027235,1.2994127109991433,1.2994162458442127,-0.4693785886118839,1.273287839873236,1.273287839873236,1.273287839873236,0.3986428309522587
-0.4613881093785987,-0.817312196421714,0.711949304871601,0.11665643401276074,0.23098489488017585,-1.2780806597826084,1.9135375309270735,-0.40546975881286973,0.0689751310909581,-0.6092439352972882,-0.7111184208358197,-0.4955859967531036,0.35509385834002194,1.5537319885025438,1.5537358352448847,-0.5659933446453482,0.23953176190716582,0.23953176190716582,0.23953176190716582,0.7413637845328983
-0.5594660139521913,-0.41789918913660684,0.8412506972713527,-1.422375364360523,0.060917523189243115,-1.6563564576921472,1.9254852410340069,-0.40546975881286973,0.0689751310909581,-0.5768630562125234,0.22531103896246568,0.426251537525134,0.42139219714109416,1.5072119924436398,1.507215792693782,-0.9665334095495399,-0.07152092909677184,-0.07152092909677184,-0.07152092909677184,0.7035071062154116
-0.6383622095987019,-0.16237006584098837,0.3454692370058019,1.2903841018155247,-1.663060988004217,-1.1336218170440417,1.1018027236166679,-0.40546975881286973,-0.07804788197104942,-0.47618019830510677,1.1898057871191006,0.784962635120967,-0.44408932573155424,0.7460851517944118,0.7460875946190458,-0.2628525200511037,-0.8610681544948346,-0.8610681544948346,-0.8610681544948346,0.40307915054692733
-0.7089234960090398,0.058324011857174875,-0.5259946712226383,1.2015152029486529,-0.8422204973679003,-0.536116828317623,0.5821015420274857,-0.40546975881286973,-0.2451002446200613,-0.3583512003224443,0.39133708773182896,0.7480436606348011,-0.7043641058718311,0.3092233834843686,0.309224682292781,0.12655256321685734,-0.39326253556641666,-0.39326253556641666,-0.39326253556641666,0.28318354869082984
-0.7460309686358357,0.16975288442046316,-0.9955239081625268,0.9461107816334057,-0.9646899325419681,-0.04130659854979686,-0.048402150464063265,-0.40546975881286973,-0.3239858221019343,-0.28903782038844367,0.37134879544284494,0.42912801317917276,-0.2764485068490551,-0.11547942573355394,-0.11547936371572269,0.23933781607582963,-0.3585062769505538,-0.3585062769505538,-0.3585062769505538,0.11594515598471335
-0.7549367620662667,0.15612177962145898,-1.2982914422436809,0.5843394313404502,-1.0554070986695703,0.16795235324230573,-0.5344154134492892,-0.40546975881286973,-0.3585409937410744,-0.2743027397812833,0.3328482459331162,0.1526807512386565,-0.23837446323649333,-0.41934939042272296,-0.4193502320001814,0.24903462469230564,-0.3635966046982896,-0.3635966046982896,-0.3635966046982896,-0.02849434747756544
-0.75448005471086,0.10441012808237957,-1.0712580772787985,0.26991945524518374,-0.9537995014755132,0.2044385294444028,-0.717809262155161,-0.40546975881286973,-0.36096208428419563,-0.27744653639742134,0.15784586133749612,-0.027457766729070812,0.8875114638573207,-0.5344336585693744,-0.5344348374929647,0.2487450178457592,-0.32907539788939777,-0.32907539788939777,-0.32907539788939777,-0.06999662732428524
-0.737010998366553,-0.021515316251278314,-0.6400237912858336,0.7959932552516134,-0.545345417323508,0.5926742481914126,-1.0588220472861836,-0.40546975881286973,-0.3718566311249454,-0.3096318330275609,-0.07547237735696352,-0.1616214843854354,0.5933652333673729,-0.7611533432632286,-0.7611551679422627,0.20779288874810162,-0.19661573695227427,-0.19661573695227427,-0.19661573695227427,-0.1567820335566873
-0.6937379764417665,-0.25670596571981114,0.007745152302745443,0.3944324079926176,-0.1844531109415174,0.7849979803215826,-1.1903516573250583,-0.40546975881286973,-0.3718566311249454,-0.3718161723683658,-0.5895118336547809,-0.32135037787870124,0.7711152511367109,-0.8781863619171729,-0.8781885061047128,0.15286680112317586,-0.08753094083436758,-0.08753094083436758,-0.08753094083436758,-0.3059596251243388
-0.6326533676561179,-0.4650671390760182,0.363616040922145,0.4106402537909506,0.6321652637228992,0.986208510890912,-0.7996405925693875,-0.40546975881286973,-0.3718566311249454,-0.44489632661137096,-0.20619106851969501,-0.3835345259610992,0.4974355578964146,-0.6414988556510269,-0.6415003432615274,0.05763515142698769,0.2240028562964073,0.2240028562964073,0.2240028562964073,-0.3146304163932145
-0.5648323253782204,-0.5483683350699329,0.6412376059029872,0.054392567913836815,0.9788962142135011,0.991741800492587,-0.22321600669105784,-0.40546975881286973,-0.3718566311249454,-0.5383965489165901,0.12338947446506786,-0.5334263908406995,0.4403384342667365,-0.23098819927483694,-0.2309884814838303,0.018982612276185064,0.39969179180739384,0.39969179180739384,0.39969179180739384,-0.196171941461725
-0.5042044239479786,-0.45814340330509545,0.26286092098933783,-0.27467639549039724,1.2227919188222247,0.8171916652126753,0.5452103685209474,-0.40546975881286973,-0.3718566311249454,-0.6596865849730853,0.42183813818171456,-0.6586759865101542,-0.1909850991155146,0.4428006797620126,0.4428023471392932,0.06642578900425092,0.608973025699882,0.608973025699882,0.608973025699882,0.035170503572328315
-0.455565090597163,-0.22749645543623068,0.07771546941268748,-0.2401200450167005,0.524659413072325,0.6615888549057273,0.8671697008518006,-0.40546975881286973,-0.3718566311249454,-0.7855593960701917,-0.34358971627535384,-0.6848306122966192,-0.00981409167316627,0.8722427345503513,0.8722454681352821,0.10781451610369239,0.3937683977027608,0.3937683977027608,0.3937683977027608,0.31843917630991975
-0.4211978621028075,0.05832401185717486,0.14640764225875805,-0.2666298116489026,0.31722720203513854,0.5014588076654298,1.0453373001399218,-0.40546975881286973,-0.3718566311249454,-0.8611286458906454,-0.5381692443933285,-0.4246955480132408,0.23220595717644224,1.1843635835578752,1.1843669339004916,0.17050152266823856,0.30762055930240184,0.30762055930240184,0.30762055930240184,0.5411551039267702
-0.39436630497266284,0.33419160897987893,0.22345979663043436,0.012783510949754103,-0.3779964183305361,0.48452358800471734,0.7900336108142003,-0.40546975881286973,-0.3718566311249454,-0.8720051143726848,-0.504425597444096,-0.02852820136526593,0.2360188598548342,0.9137198340189195,0.9137226583964732,0.17611263771848895,-0.22282117963134684,-0.22282117963134684,-0.22282117963134684,0.5854731486956907
-0.36490868054892955,0.5165887731951256,0.13123194189965043,0.600513297954505,-0.776190514298644,0.7000424228562213,0.43006519050655667,-0.40546975881286973,-0.3718566311249454,-0.8679313640520848,0.04849857330706783,0.06648238296375071,0.04127436630118834,0.4984731464605012,0.49847496314262557,0.04534589543309226,-0.5025621121349269,-0.5025621121349269,-0.5025621121349269,0.4044989733044873
-0.34264419697285203,0.5840951969616226,0.13156440810485825,-0.144870916367667,-1.6863251394608592,0.6696372763861642,0.10888839850400554,-0.40546975881286973,-0.3718566311249454,-0.8764676749983454,0.9731824312046649,-0.13209595152924758,0.16483562933677526,0.137635969889815,0.13763677799584007,0.06359684197709532,-1.064981648531033,-1.064981648531033,-1.064981648531033,0.17316675293795677
-0.3109030357720851,0.6133047072452031,0.10155436306257835,0.30328238799197216,-0.22565481041499927,0.8036099544077474,-0.039703379438823405,-0.40546975881286973,-0.3718566311249454,-0.909364993745926,-0.6068611197066675,-0.16593908423541764,0.1338802171229966,-0.024966684239385202,-0.024966353461397386,-0.07817142718656386,-0.13661628997104447,-0.13661628997104447,-0.13661628997104447,0.14362812418067297
-0.2600943424830877,0.6288831127297794,-0.4228578196418277,-0.029418049788563695,-0.23886155976769494,0.7635355237275208,-0.20602807358437683,-0.40546975881286973,-0.3718566311249454,-0.9692800956135313,-0.6558443616597783,-0.3083994789019545,-0.32790601919759077,-0.22758071728792922,-0.2275809893393262,-0.09641170953387622,-0.1629050752371319,-0.1629050752371319,-0.1629050752371319,0.21354679184287498
-0.22846735812117253,0.6187138758162366,-0.6676210723459342,0.2880110798498291,-1.561216298237131,0.7950585067158491,-0.4441438297324999,-0.40546975881286973,-0.3718566311249454,-1.012948318992706,0.8372259639072324,-1.0256458157221913,-0.8115428342195435,-0.5679982495526626,-0.5679995258636831,-0.19417762555902557,-1.2586798785659712,-1.2586798785659712,-1.2586798785659712,0.11628115073364109
-0.21499449113667432,0.5975099350177855,-1.8296311894860142,0.043670160478365354,0.021217380757441957,0.7950585067158491,-0.4441438297324999,-0.40546975881286973,-0.3718566311249454,-1.039648960180608,-0.9543653109429852,-0.614089884756701,-4.466535742486012,-0.5857185031913918,-0.5857198307021673,-0.23828199114306178,-0.050784996761627156,-0.050784996761627156,-0.050784996761627156,0.018870001179437025
-0.111436098298201,0.20696796418917304,-1.1831242274872569,0.043670160478365354,0.021217380757441957,0.16795235324230573,-0.18758248683625503,-0.6652913364302441,-0.6152818874750047,-1.3573083151385286,-0.9543653109429852,-0.22116398344269347,0.24893824223953995,-0.2032005669809559,-0.2032007663481251,0.24903462469230564,0.06287664160540915,0.06287664160540915,0.06287664160540915,-0.4414119847707988
-0.029799658519250146,-0.17232293601168985,-1.0725069671026397,-0.3699658802675505,0.004034044196696965,-0.11220935692947402,-0.20115716106592121,-0.6652913364302441,-0.6152818874750047,-1.4588327447783604,-0.6212037547232866,-0.43550556387252315,0.24773414609882433,-0.288455906704171,-0.2884563601169194,-1.4768422510205346,-0.04524090604439553,-0.04524090604439553,-0.04524090604439553,-4.123659428536328
-0.05354844100039949,-0.12840048721489855,-0.7517747824416858,0.1680904968568523,0.6009498599326685,-0.043989405624054574,0.16959114746828527,-0.6652913364302441,-0.6152818874750047,-1.4638555115828502,-0.2943392030677193,0.004879804806796127,0.4644899813121807,2.1298219762343806,2.129825941437623,-0.8193301430966606,2.145404318737333,2.145404318737333,2.145404318737333,0.8711974996697459
-0.06428106385245735,-0.06327409761965626,-0.6871240862418101,0.3607934829984875,1.815385143082932,-0.0030765977050242676,0.4395674624656768,-0.6652913364302441,-0.6152818874750047,-1.4756462387108364,1.0807331577173718,-0.25244357243998006,0.4213921969067934,4.318187585654846,4.318180550369763,-0.5984777415657747,8.206860780255479,8.206860780255479,8.206860780255479,0.8631563715730705
-0.06782054585685944,0.0076941940323021155,-0.0865796477592815,0.3529953681472798,0.7790025244605969,0.07673691269558307,0.6676219898734633,-0.6652913364302441,-0.6152818874750047,-1.4799831363081217,-0.06606251774154898,-0.01905111523201891,1.360283384047703,6.20689908110252,6.206860101156269,-0.011538953255681448,3.550381651519041,3.550381651519041,3.550381651519041,0.9652026658630584
-0.0696473752784863,0.20026059516109165,0.34526671869995607,0.17834235982890073,0.05558405357418301,0.16795235324230573,0.6947713380920466,-0.6652913364302441,-0.6152818874750047,-1.4138983508504022,-0.8393780316128334,0.33886260119377765,0.4915466021486276,3.918929829346624,3.918926524417908,0.24903462469230564,-1.6157216984594434,-1.6157216984594434,-1.6157216984594434,1.876198010127794
-0.0696473752784863,0.36231928554925275,0.40991741489983186,0.043670160478365354,-1.1538006530457185,0.16795235324230573,0.5179612061284183,-0.6652913364302441,-0.6152818874750047,-1.3181473033412345,0.36793684545445293,2.3560279514791826,0.42139219667249267,1.9290615568623282,1.9290655838364041,0.24903462469230564,-7.4327731675200335,-7.4327731675200335,-7.4327731675200335,0.5768613708248254
-0.0696473752784863,0.40494353388899595,0.1614121798996764,0.043670160478365354,-0.02614419062170206,0.16795235324230573,0.5108345021590782,-0.6652913364302441,-0.6152818874750047,-1.2910587885414506,-0.9010671434567281,0.6905889920165061,-0.826453670648256,1.715825155700013,1.7158291244047812,0.24903462469230564,-0.7826255461783348,-0.7826255461783348,-0.7826255461783348,0.07921555360846905
-0.06610789327408424,0.4858646957116558,-0.7536549863139187,0.11380744189690431,-0.38677413975240327,0.22450592637201544,0.12713276054139952,-0.6652913364302441,-0.6152818874750047,-1.2404977414965808,-0.49178286204833055,0.22976628891416698,-0.4196333849325101,0.5361943940132955,0.5361963102418095,0.23919348468589702,-0.6909360094879484,-0.6909360094879484,-0.6909360094879484,0.15803943762702774
-0.06211170391427545,0.5455819167358646,-1.0449000288447943,-0.041173325186770464,-2.070269611954252,0.2135600734949271,-0.18758248683625503,-0.6652913364302441,-0.6152818874750047,-1.2027899374091333,1.400270277983147,0.9481643744855118,-0.9967608144501745,-0.2032005669809559,-0.2032007663481251,0.2438221474063805,-2.752100570892162,-2.752100570892162,-2.752100570892162,0.0984310951104148
-0.06028487449264858,0.5466637504500714,-1.8296311894860142,0.043670160478365354,0.021217380757441957,0.2135600734949271,-0.18758248683625503,-0.6652913364302441,-0.6152818874750047,-1.2028736063315784,-0.9543653109429852,0.03192199328010533,-2.3377857275372635,-0.2032005669809559,-0.2032007663481251,0.24381989007889082,0.015544052322888252,0.015544052322888252,0.015544052322888252,0.007971324723955855
-0.017354383084417082,-0.046397491678031984,-1.1831242274872569,0.043670160478365354,0.021217380757441957,0.16795235324230573,-0.18758248683625503,-0.37571801798774057,-0.36778469868334185,-1.5475066381577078,-0.9543653109429852,-0.29751272011787583,0.2658020930918965,-0.2032005669809559,-0.2032007663481251,0.24903462469230564,0.015544052322888252,0.015544052322888252,0.015544052322888252,-5.178153438813851
0.02820217561740304,-0.6822993488887201,-0.7275388527037574,0.1228574136697983,-0.212786671180736,0.23180316160526712,-0.40765510544150324,-0.37571801798774057,-0.36778469868334185,-1.1095645858713987,-0.6834410575629828,1.7331408802577604,0.4542382880913001,-0.5791326774145779,-0.5791339859147984,0.24240288355846035,-0.20960143316680027,-0.20960143316680027,-0.20960143316680027,12.31305634153885
0.032198364977211825,-0.7307654992851795,-0.6661492184335737,-0.08005992264337648,0.29508566735195346,0.16795235324230573,-0.24281444261119936,-0.37571801798774057,-0.36778469868334185,-1.0754150867314693,-0.630508212808147,0.24062319349553568,0.22493127250798958,-0.29127929150698145,-0.29127975332343436,0.24903462469230564,0.2849115480423861,0.2849115480423861,0.2849115480423861,-0.022690323665147318
0.033454310204580305,-0.7171343944861752,-1.0960634180235076,0.09749244083087784,0.3540594275136517,0.1974632310591407,-0.029956563715941475,-0.37571801798774057,-0.36778469868334185,-1.0844793364625087,-0.5773108310228122,-0.01818558082299754,-0.2393059802367005,0.052679622004809905,0.052680181840936736,0.24775527217519858,0.31848046353368453,0.31848046353368453,0.31848046353368453,-0.025255459542242054
0.03608037749816893,-0.6833811826029268,-1.3060694058767475,0.8754690382485991,1.9101082861250083,0.3047755140001698,0.2542731592628334,-0.37571801798774057,-0.36778469868334185,-1.1069479430660174,1.2740335376023553,-0.5114400843626004,-0.6730440688869211,0.5474910904517412,0.5474930362254794,0.21891222963459223,1.867683127040522,1.867683127040522,1.867683127040522,-0.0454631668822824
0.04098998156879115,-0.6541716723193464,-1.8296311894860142,0.043670160478365354,0.021217380757441957,0.3047755140001698,0.2542731592628334,-0.37571801798774057,-0.36778469868334185,-1.1255015895674676,-0.9543653109429852,-0.416481061332688,-1.9224832965434444,0.5775201529565767,0.5775221766485146,0.21645412594594954,0.1279464594822885,0.1279464594822885,0.1279464594822885,-0.06494997105602594
0.09271208956860197,-0.43910312993505785,-1.1831242274872569,0.043670160478365354,0.021217380757441957,0.16795235324230573,-0.18758248683625503,-0.5980435558116626,-0.6152818874750047,-1.2369570072252418,-0.9543653109429852,-0.025224001329332908,0.21977936100494824,-0.2032005669809559,-0.2032007663481251,0.24903462469230564,-0.04798490267375265,-0.04798490267375265,-0.04798490267375265,-0.7382314832499042
0.1405521850474557,-0.21061984949460646,-1.1831242274872569,0.027099167201775656,0.4208306394506911,0.15940090569299487,0.052943772183663904,-0.5980435558116626,-0.5920619199068334,-1.293552275391898,-0.5044646652590138,-0.30964004724984606,0.16377579545967968,0.46325979558131647,0.4632615181456839,0.2487216488845441,0.6392044560165113,0.6392044560165113,0.6392044560165113,-1.174372171742734
0.13347322103865153,-0.10719654641644757,-0.6209938588594001,-0.2294167506282081,0.5444889983244889,0.009666735861099934,0.38758444540063397,-0.5980435558116626,-0.5920619199068334,-1.3343626562338986,-0.3258940062816287,-0.1993657984398063,0.690821674211794,1.6455947873734662,1.6455987110697183,0.10472995079270511,1.0568670275843886,1.0568670275843886,1.0568670275843886,-0.49029091350620985
0.12399654341396214,0.0176470642030036,-0.3964348376648278,0.12685004839156178,0.8806906021405619,0.031129192484441726,0.6462418775765407,-0.5980435558116626,-0.5920619199068334,-1.3630700956640736,0.015149485044748327,-0.3146100487459567,0.6111807760168958,2.817089381057088,2.8170921306419228,0.11211224737084709,2.2080669151877754,2.2080669151877754,2.2080669151877754,-0.7719492493644469
0.11463404262812443,0.1585018137927137,-0.09460595087912586,-0.11530678498926683,0.18600202020809098,-0.035528244864793924,0.7268284534857413,-0.5980435558116626,-0.5920619199068334,-1.3544700485316337,-0.7291347523634064,0.09772947338783934,0.5338405673468035,2.9877019554342645,2.987704128370782,-0.03202420535982882,0.21204358101329424,0.21204358101329424,0.21204358101329424,-0.9524668570630361
0.09910599254429603,0.34089897800796043,-0.2669966282292432,0.007128995837857059,-0.23699426340098714,-0.05438528303977701,0.5714114860710445,-0.5980435558116626,-0.5920619199068334,-1.294172698609933,-0.6623060533656343,0.3991800065963157,-0.007957335668422558,1.9042738246636388,1.904277851187543,0.03657253349230097,-0.99830652809524,-0.99830652809524,-0.99830652809524,-0.9669579320480124
0.08791666233683143,0.46119888702774353,-0.30938914030131504,0.4604681477325981,-1.0043652888759629,0.06660186379203611,0.22418263139228609,-0.5980435558116626,-0.5920619199068334,-1.2345078778129854,0.24744560001480026,0.6767435904733061,0.088698790736518,0.7478728425810464,0.7478752896712654,0.2184862196122634,-1.9082552868582032,-1.9082552868582032,-1.9082552868582032,-0.4254466811142571
0.08563312555979784,0.5051213358245348,-0.4579300950099281,0.4364640751827138,-0.48265711458452465,0.16795235324230573,0.0725422081629509,-0.5980435558116626,-0.5920619199068334,-1.2089418003011911,-0.30530269826406836,0.34360358064922314,-0.13217296059584088,0.3572392402643403,0.35724067311110297,0.24903462469230564,-0.7155503198492035,-0.7155503198492035,-0.7155503198492035,-0.11135898211946653
0.08917260756419991,0.5276234770800338,-0.46755819994149467,0.14307106949482576,-0.254789962842219,0.23527803553164817,-0.1455009967242899,-0.5980435558116626,-0.5920619199068334,-1.192207461061274,-0.6336425584368661,0.1108595378260441,0.15646807686943123,-0.11635641782146422,-0.11635635841390721,0.23827323426917937,-0.322117992812418,-0.322117992812418,-0.322117992812418,-0.015484982296452763
0.09499562634563556,0.5332490123939085,-0.36728480850874673,1.2893880035981211,-0.49524927861595475,0.39599095450541244,-0.2232160066829557,-0.5980435558116626,-0.5920619199068334,-1.1843591091737569,0.2037085046987312,0.22391064939639166,0.5633394774183548,-0.2753127630950538,-0.27531317737638106,0.13031440677582187,-0.5794487414210079,-0.5794487414210079,-0.5794487414210079,0.030684502972112237
0.10264547454869809,0.518752440623539,-0.2912704594378188,0.1983327643228701,-0.5944830471714279,0.43589770972645614,-0.40851030988579917,-0.5980435558116626,-0.5920619199068334,-1.1872728558646355,-0.2504168743759034,-0.001791549677977985,0.31522461369328686,-0.6535364080281305,-0.6535379299604989,0.08274214832125144,-0.6923243353249353,-0.6923243353249353,-0.6923243353249353,0.07869064713837808
0.11063785326831566,0.4951684656538333,-0.3540187280886431,-0.3169146523720576,-0.22885171734294585,0.3777478665570102,-0.4555465562784137,-0.5980435558116626,-0.5920619199068334,-1.1946134495165548,-0.5503103594791449,-0.10889384588771711,-0.03625277828262488,-0.7595726005584844,-0.7595744208482372,0.14326090696594967,-0.30198096640892585,-0.30198096640892585,-0.30198096640892585,0.10033107528310281
0.1164608720497513,0.4713681239412863,-0.3583841855361694,0.8921050146707421,-1.1817665309771124,0.4872063950106551,-0.6365648369046836,-0.5980435558116626,-0.5920619199068334,-1.203131416670129,0.5615904841199836,-0.17306138580785232,0.14638056998828616,-1.1559811486997862,-1.1559839985940628,-0.006828634037613808,-1.468261009570771,-1.468261009570771,-1.468261009570771,0.08686390621572389
0.12456742760822057,0.42852750885870167,-0.3481742243388041,-0.24356038951857203,-0.08534615484563145,0.4130938496001454,-0.6686350047667141,-0.5980435558116626,-0.5920619199068334,-1.2189756750607232,-0.6941289765964909,-0.15860908266025517,0.18411783055894734,-1.2677107208658065,-1.2677138288424197,0.08499221490301469,-0.1935645878304004,-0.1935645878304004,-0.1935645878304004,0.1560032313767671
0.13210309897243142,0.38135955891929035,-0.28231625720076586,0.1762381086001054,-0.7128869798621846,0.4301967449333884,-0.7790989168294672,-0.5980435558116626,-0.5920619199068334,-1.2353685262418097,-0.12139491633411048,-0.36407005126702097,0.4262028616606685,-1.5727763402753852,-1.5727800582640061,0.043512446045323415,-1.1263534008152198,-1.1263534008152198,-1.1263534008152198,0.17771026375409907
0.13701270304305363,0.34198081172216704,-0.19976345996966338,-0.45125017330303985,0.16519656061022547,0.35038323425279105,-0.7520174412079937,-0.5980435558116626,-0.5920619199068334,-1.2486459653171313,-0.524685838298093,-0.22409441601468366,0.4269371321400661,-1.5610067553823088,-1.5610104527134196,0.14167221436538557,0.05078803427190621,0.05078803427190621,0.05078803427190621,0.1488414397658588
0.14591849647348462,0.2608432831566659,-0.14259389989392657,0.6181312604722401,-1.3712128177893865,0.4986083250738105,-1.1710676346051938,-0.5980435558116626,-0.5920619199068334,-1.2713899585132211,0.6792657875944053,-0.24228708517614872,0.277678794226259,-2.7383248828346556,-2.738329059310792,-0.15593549622189457,-2.1878779055949664,-2.1878779055949664,-2.1878779055949664,0.3464510920164093
0.15573770461472908,0.1652091828207951,-0.10103449285576041,-0.044708468119665855,-1.3049066262151539,0.48720639530101495,-1.3706153468226796,-0.5980435558116626,-0.5920619199068334,-1.2868740958613023,0.5396744351989019,-0.3420288100121823,0.3293793469525433,-3.4088218930505385,-3.408824409327651,-0.1681329969344831,-2.494207223772067,-2.494207223772067,-2.494207223772067,0.4602000890744503
0.16247413810697817,0.09445725791167808,-0.0659178509473929,0.3088060505325936,0.2580252448036265,0.5214121852001211,-1.3349818259000168,-0.5980435558116626,-0.5920619199068334,-1.289584830285453,-0.6130905177480401,-0.03220448391422511,0.3037065843157155,-3.340384430731428,-3.3403871968669416,-0.27160580334495904,0.27171373781719,0.27171373781719,0.27171373781719,0.355250088909369
0.17183663889281586,-0.008100578195115447,0.10359934539675071,-0.28365810162640653,0.4819694578780018,0.4263961013404933,-1.1789861945711273,-0.5980435558116626,-0.5920619199068334,-1.2794115167982067,-0.3728820669254226,0.14321577779917624,0.4639902138478574,-2.8248829357679206,-2.8248869908233467,-0.011339859511665246,0.8731370941175405,0.8731370941175405,0.8731370941175405,0.5083716218126715
0.1811991396786536,-0.11628394961578373,0.18745129836798952,0.7801587533757116,-2.2468756587394183,0.521412185521591,-1.5202761303149381,-0.5980435558116626,-0.5920619199068334,-1.2524254947878692,1.6658251254915553,0.688102986371028,0.4979042684404738,-3.4451012893694313,-3.4451036651905853,-0.163087418367362,-2.3060081405910213,-2.3060081405910213,-2.3060081405910213,0.4760867253322302
0.18827810368745776,-0.18703587452490078,0.26061471336324366,0.04367015798658838,2.247211243632245,0.5214121852001211,-1.1853210425438738,-0.5980435558116626,-0.5920619199068334,-1.2254590897824098,1.5506485699758001,0.6876271675660026,0.45531319279149085,-2.450415046530809,-2.4504194514232602,-0.10426496700584792,3.7387747740744235,3.7387747740744235,3.7387747740744235,0.256410337221899
0.20026667176688406,-0.26795703634756063,0.30433151413359927,0.30880605278323053,0.5658754516175956,0.5898237655790531,-1.0214068512490506,-0.5980435558116626,-0.5920619199068334,-1.1829851365934332,-0.30541771447735006,0.5486574412876813,0.25087590070973104,-1.8849206688377511,-1.8849248367045517,-0.15454212299053902,1.0739009218047602,1.0739009218047602,1.0739009218047602,0.22900965852708596
0.21899167333855954,-0.3501763986272685,0.4063238867649317,0.16150833551881616,1.1181347622200017,0.6240295559528745,-0.6500263890336996,-0.5980435558116626,-0.5920619199068334,-1.1261615322778804,0.28367777591096616,0.646114740228888,0.34440396491403324,-1.0214632201604492,-1.0214657386889008,-0.11400326563672407,1.451999829860072,1.451999829860072,1.451999829860072,0.15523302309289258
0.24228374846430212,-0.3940988474240598,0.3127656823330946,0.794888521294329,0.8829348606379966,0.8178623668421597,-0.3906935499624488,-0.5980435558116626,-0.555196002333778,-1.0754871323304833,0.18810953874567676,0.648110105068352,-0.02262689899938791,-0.5271483916236976,-0.5271495493424165,-0.3499247435856328,0.9406840985259569,0.9406840985259569,0.9406840985259569,0.006761786858411408
0.2682018908836334,-0.40188805016634793,0.3854922202487781,0.02157550391161186,0.9447680231838007,0.8121614021035345,-0.11275209512415467,-0.5980435558116626,-0.5126073104206351,-1.0340396444816096,0.08510079116337424,0.5362087650815223,0.3086740726425122,-0.09275986644917315,-0.09275973684255998,-0.2548879908205705,0.8285284044313193,0.8285284044313193,0.8285284044313193,-0.08889804984051371
0.30919137603138636,-0.22749645543623068,0.27924235683257326,-0.23144904950994796,0.6599509630380932,0.5548316354337646,0.584067529251168,-0.5980435558116626,-0.4089425167098129,-1.0161623220233587,-0.20229703702207388,0.09335547381209491,0.10537877657287097,0.9001405085141478,0.9001433034412266,0.07845089119474426,0.5281710867677465,0.5281710867677465,0.5281710867677465,-0.5519279978244097
0.33773558574430623,0.05832401185717486,0.5628227764821576,-0.6423530116012088,0.22004443349726835,0.17868358153933664,0.7112206492540435,-0.5980435558116626,-0.4014592770686371,-0.9883507706339468,-0.35909066386817484,0.19227047917004828,0.42965698573929373,1.0224761376863212,1.022479187854399,0.24891524525773412,0.12328923643878846,0.12328923643878846,0.12328923643878846,-0.7677661123451678
0.33773558574430623,0.24396667721504164,0.5818174742791622,-0.015392481765019268,-0.37284144365363114,0.1539192085452644,0.5185094143236557,-0.5980435558116626,-0.4014592770686371,-0.9672194793898674,-0.5083768782482835,0.1912527536032724,0.1870647144899414,0.726973558014561,0.7269759549887791,0.24884411187387256,-0.32479497502032895,-0.32479497502032895,-0.32479497502032895,-0.4648592453911204
0.33727887838889953,0.3328934085228309,0.3110810468168666,0.15244385991592932,-0.45604153214554566,0.16795235324230573,0.44669416643501697,-0.5980435558116626,-0.4014592770686371,-0.9489103365114063,-0.41020865392690053,0.47764158854955086,-0.9150392565523682,0.6084787012420483,0.6084808042915956,0.24903462469230564,-0.4279965051946953,-0.4279965051946953,-0.4279965051946953,-0.2143508947714756
0.33727887838889953,0.39477429697545313,0.058381032207152614,0.043670160478365354,-0.4494382347972239,0.16795235324230573,0.16340768373355255,-0.5980435558116626,-0.4014592770686371,-0.9325513437535464,-0.42471477157708937,0.13274411697286584,-0.08796035067139084,0.23477122359774583,0.23477231154180858,0.24903462469230564,-0.33416400154384746,-0.33416400154384746,-0.33416400154384746,-0.14413245016085235
0.33682217103349277,0.44540411480032593,-0.6391629672659324,0.02409842216836081,-0.43060217754811897,0.15722112494527485,-0.1255382405016635,-0.5980435558116626,-0.4014592770686371,-0.9181426928547712,-0.4456683682681007,0.11577799510103279,-0.49023208379193034,-0.1274426786395181,-0.12744265223634133,0.24893891422296185,-0.3034701535138019,-0.3034701535138019,-0.3034701535138019,-0.11588804699220111
0.33465281109531086,0.4523278505712487,-1.8296311894860142,0.043670160478365354,0.021217380757441957,0.15722112494527485,-0.1255382405016635,-0.5980435558116626,-0.4014592770686371,-0.9193256799400243,-0.9543653109429852,0.00485167820264752,-4.579933974012871,-0.1273089156594635,-0.12730888885799052,0.24893857584005752,0.016044743309068125,0.016044743309068125,0.016044743309068125,-0.030160779301597936
0.49621303807043743,0.0875335221407553,-1.1831242274872569,0.043670160478365354,0.021217380757441957,0.16795235324230573,-0.18758248683625503,-0.43012750095639524,-0.6152818874750047,-0.7104978563439677,-0.9543653109429852,0.19060623939715904,0.243656850189985,-0.2032005669809559,-0.2032007663481251,0.24903462469230564,0.006735630148918199,0.006735630148918199,0.006735630148918199,0.8973115958569949
0.6496667094870947,-0.32334692251494274,-1.1361514560295347,-0.3771222131867322,-0.5503990934334149,-0.06276905514385865,-0.553140478753578,-0.43012750095639524,-0.32937828382100526,-0.42154715772740137,-0.22753979765746712,1.6826331117228834,0.2078168346870852,-0.4597445714257354,-0.45974553194657797,0.23441975624133465,-0.210403050575737,-0.210403050575737,-0.210403050575737,0.5598448908294925
0.6228351523569501,-0.385227810967565,-0.72198269105897,-0.2645847179042061,0.4145314685034444,-0.23178590082209535,-0.30160975037009885,-0.43012750095639524,-0.3220053887890321,-0.4580573928469318,-0.44707420718376234,-0.17482418315793194,0.5520948632679737,-0.28580611366057485,-0.2858065591854925,0.2022869091581218,0.16873761730114267,0.16873761730114267,0.16873761730114267,0.08836881542267458
0.5898380459288146,-0.3975607153095212,-0.7108464470118008,0.0449698462151885,0.243224746695602,-0.2311151990588684,-0.16798405091611351,-0.43012750095639524,-0.3220053887890321,-0.5118169761809515,-0.7045279649991776,-0.2924448615432442,0.1748695627597694,-0.18829437085044257,-0.18829452577674197,0.19767857319600093,0.10679360938886232,0.10679360938886232,0.10679360938886232,0.034258823983628776
0.5582110615668994,-0.36034563554081134,-0.9471318114831067,0.10116214177373829,0.4127287789341986,-0.19959221593100263,0.08239382829534588,-0.43012750095639524,-0.3220053887890321,-0.5718521405677115,-0.5113607820957802,-0.30908469478788564,-0.05776218670747274,0.014254160798777204,0.014254607494868765,0.20017902501862947,0.19393549055415116,0.19393549055415116,0.19393549055415116,-0.03327972232262215
0.5336630412137883,-0.2770444395468968,-1.133715579423464,0.3323533005509322,0.18640929761076303,-0.04130659854979686,0.1880367342164071,-0.43012750095639524,-0.3220053887890321,-0.6267231256128686,-0.6569751162953354,-0.2796119022163779,-0.011162637765500716,0.11659115753961852,0.11659190441685072,0.23134107938748555,0.10567575500283245,0.10567575500283245,0.10567575500283245,-0.11323905276081926
0.5269266077215393,-0.18032850549681934,-1.3373298357902177,0.5541217376792635,0.05726092958910128,0.22211152105460794,0.20973125954479616,-0.43012750095639524,-0.3220053887890321,-0.6497420490057164,-0.5419178462466175,-0.10603791308823089,-0.03906181922853128,0.14334841069688523,0.14334923538912409,0.24779064291856254,0.04058295972562848,0.04058295972562848,0.04058295972562848,-0.15773204457139234
0.5438247798715877,-0.08253073773253522,-0.9553388941121999,0.5760826041913865,0.00040451027257323857,0.5140344658215523,0.1964210918291897,-0.43012750095639524,-0.3220053887890321,-0.6271183362146566,-0.5256184713379575,0.16266265945861325,0.5219253686032812,0.12386364747556054,0.12386441553347,0.2005993503703296,-0.001616846876654838,-0.001616846876654838,-0.001616846876654838,-0.1723980907140953
0.569742922290919,0.03344183643042117,-0.03733084854184267,-0.10801081142416982,0.22574070638536317,0.43086744651956277,0.3272170705885988,-0.43012750095639524,-0.3220053887890321,-0.5835559328388339,-0.6938871753667306,0.28216309573357634,1.0244878014018235,0.21627429266299755,0.21627532770215166,0.22345026681860922,0.09693327676523353,0.09693327676523353,0.09693327676523353,-0.19130364552703205
0.5813889598537904,0.11912306659559044,0.06666141256306243,-1.6407225675415937,0.8152201943227254,0.2135600734949271,0.44669416643501697,-0.43012750095639524,-0.3220053887890321,-0.5603789974986817,0.6682231025630144,0.5957119670028789,0.5781582175973977,0.3019864211878733,0.3019876996552971,0.24829904188070456,0.3363748993943954,0.3363748993943954,0.3363748993943954,-0.13590230663050046
0.5818456672091971,0.15958364750692036,0.17065367366796755,-0.3098443625947884,0.44747152316973654,0.16795235324230573,0.5108345021590782,-0.43012750095639524,-0.3220053887890321,-0.557072498289397,-0.3967828070794869,0.11374607949475724,0.5781582175973977,0.3512908943324025,0.35129231066360483,0.24903462469230564,0.20009664896949697,0.20009664896949697,0.20009664896949697,-0.06965173160940615
0.5818456672091971,0.20112606213245698,0.29934258153459564,0.043670160478365354,-0.1682289008823744,0.16795235324230573,0.4823276868909974,-0.43012750095639524,-0.3220053887890321,-0.5537136058086664,-0.741172645360654,0.11501690067240469,0.6765680054370795,0.3269335553776212,0.326934903813854,0.24903462469230564,-0.07562840869130359,-0.07562840869130359,-0.07562840869130359,-0.0710194566430588
0.5760226484277614,0.26192511687087255,0.6913787463547245,-0.8466627124466144,-0.20798923808688527,-0.09049139485588187,0.4047257986155695,-0.43012750095639524,-0.3220053887890321,-0.5574192697613488,-0.19340988673614457,-0.006402225001791362,0.8580706029886437,0.26720645051055886,0.26720763074368126,0.2255495489511554,-0.08381851023215957,-0.08381851023215957,-0.08381851023215957,-0.10189060299541858
0.5594670067942679,0.3385189438367057,0.9028708920868592,-1.031603181969252,0.030426576095656115,-0.3679383599696898,0.4074972948742571,-0.43012750095639524,-0.3220053887890321,-0.5752215405308653,-0.08968848479739652,-0.1823552946619857,0.585146706719272,0.2777040728459245,0.27770528281066537,0.14448368602366804,0.03519098634253661,0.03519098634253661,0.03519098634253661,-0.13405315031663897
0.5157372775140746,0.42636384143028827,0.24147438987304878,-0.09180365884553145,-0.3213753921344659,-0.4596967493905963,0.13685222725276663,-0.43012750095639524,-0.3220053887890321,-0.6328229397914902,-0.55373580680975,-0.23257760195228372,-0.33822325306613876,0.07477558139602605,0.07477620607072254,0.08782083003383917,-0.12913896634359778,-0.12913896634359778,-0.12913896634359778,-0.1859285687590628
0.4769171523045036,0.48261919456903585,0.1477514069792724,0.40139319062138473,-1.1402687748665028,-0.41354607997861625,-0.037921703480112215,-0.43012750095639524,-0.3220053887890321,-0.6838007816718029,0.38398442411133044,-1.2029437221977521,-0.20968619309151382,-0.06775207846737201,-0.06775187455220871,0.09463816229866695,-0.517954188713487,-0.517954188713487,-0.517954188713487,-0.15020818939667394
0.4617316327372302,0.48932656359711724,0.051515774777688095,0.4855633143198075,-0.35767519027570865,-0.2995267793470629,-0.15194896698955437,-0.43012750095639524,-0.3220053887890321,-0.706727503904875,-0.3993359838283769,-0.2445031704674506,-0.027961329706868366,-0.17011319319932472,-0.17011329392717212,0.14399828980162657,-0.1760309541075318,-0.1760309541075318,-0.1760309541075318,-0.04530403379229085
0.4474595278807702,0.49149023102553063,0.026577253598807225,-0.13308710467530677,-0.2155904763536526,-0.3223306399192835,-0.18758248683625503,-0.43012750095639524,-0.3220053887890321,-0.7291859527601109,-0.6523423602716498,-0.5111937053404714,0.06440220054370581,-0.2032005669809559,-0.2032007663481251,0.12738888359206804,-0.10830598336909472,-0.10830598336909472,-0.10830598336909472,-0.03819275719360762
0.4367269050287125,0.49149023102553063,-1.8296311894860142,0.043670160478365354,0.021217380757441957,-0.3223306399192835,-0.18758248683625503,-0.43012750095639524,-0.3220053887890321,-0.7464300045393844,-0.9543653109429852,-0.3010639197851714,-5.753434903920242,-0.2032005669809559,-0.2032007663481251,0.12236066012194113,0.015544052322888252,0.015544052322888252,0.015544052322888252,-0.029635939208468378
0.6455563432884343,-0.35601830068398455,-1.1831242274872569,0.043670160478365354,0.021217380757441957,0.16795235324230573,-0.18758248683625503,-0.5483206103920939,0.9394498563908044,-0.4239486998494326,-0.9543653109429852,0.20451649162451307,0.2200853914155981,-0.2032005669809559,-0.2032007663481251,0.24903462469230564,0.015544052322888252,0.015544052322888252,0.015544052322888252,1.3606184018220604
0.8655751117556206,-1.250694782332911,-1.1831242274872569,0.505203010325935,-1.1259851266774026,0.3465825909525605,-0.7054563087653061,-0.5483206103920939,1.4412661271666798,0.1643280401238824,0.38891654004876675,4.789846457193033,0.16377579545967968,-0.44521743493096094,-0.4452183527357651,0.24514989084100006,-0.28642206810777326,-0.28642206810777326,-0.28642206810777326,0.6507267440463994
0.8660318191110273,-1.3114938370713267,-0.5204545914385303,-0.49251392033518326,0.6658154690800406,0.052591649049223546,-0.29322539275731624,-0.5483206103920939,1.4468785568975613,0.18625076998787732,-0.11051664615089375,0.15866203846916715,0.7850859403921667,-0.25196087777718323,-0.2519612224937272,0.24745419193194895,0.1857517299839035,0.1857517299839035,0.1857517299839035,0.03394189799507091
0.8517597142545674,-1.3037046343290384,-0.06537430021909256,-0.14715428804417893,0.4459965955231246,-0.05203782684682779,-0.021572206103158853,-0.5483206103920939,1.4468785568975613,0.16208506020870295,-0.45231909353269556,-0.10437201434593563,0.5904529604477697,-0.12551998099789463,-0.12551994886981557,0.24312758946782304,0.12690488641064718,0.12690488641064718,0.12690488641064718,-0.0003691691035383173
0.8262982791906429,-1.12909667285608,0.5346609332174916,-0.30886959845086215,1.8411554112020196,-0.2339656815753053,1.073844116023764,-0.5483206103920939,1.4468785568975613,0.06341963947675283,1.1132199158481817,-0.5647474124053377,0.7615223268220743,0.4222912775604969,0.42229288925713754,0.2268933693575657,0.5281749751086608,0.5281749751086608,0.5281749751086608,-0.11702877551179397
0.799923429415905,-0.7125906928865071,0.8968018079810954,0.33632880990495617,1.239835529264091,-0.07350028344088953,1.853170156115039,-0.5483206103920939,1.4468785568975613,-0.09604031884004095,0.4370460586447768,-0.8765178014099118,0.503314212566975,0.9167873239131293,0.9167901549058821,0.23924609052465012,0.45106367900877,0.45106367900877,0.45106367900877,-0.351455328875414
0.7870214466256652,-0.3863096446817717,0.887710303827988,-0.11749087169859317,0.2413093860288333,-0.09429203821026694,1.886288368241724,-0.5483206103920939,1.4468785568975613,-0.17746235761924797,-0.6748331766791066,-1.9413806796734794,0.12754848900617977,1.0006009964608178,1.0006040026950596,0.23611747705693872,0.32926874942739026,0.32926874942739026,0.32926874942739026,-0.3300461976006791
0.7785723605506408,-0.20629251463777973,0.5952709609048753,0.056763290962556216,-1.0429561983788769,-0.09049139485588187,1.5259938897917507,-0.5483206103920939,1.4468785568975613,-0.2107217366270393,0.24324472850286558,-0.32499686506319175,-0.35413335560513626,0.8154607492198738,0.815463354572272,0.23587654194247154,-0.2924569706444941,-0.2924569706444941,-0.2924569706444941,-0.2003571676079272
0.761103304206334,0.11457936499592238,0.4159703363315448,-0.01893136979151164,-0.03732678324329924,-0.12279686343426398,1.4907562983249567,-0.38427670502098965,1.4468785568975613,-0.24699137852311323,-0.871453746262334,-0.18638836763970673,-0.0148409263811675,0.8214713772364398,0.8214739963720209,0.23146933191371016,0.021168678939840646,0.021168678939840646,0.021168678939840646,-0.36674828873297016
0.746831199349874,0.3893651284044197,0.47719882874145053,0.6437719746451266,-1.8673983674808134,0.051399290327382594,0.8513325811141681,-0.28279337496924833,1.4468785568975613,-0.24754405191586418,1.2250700263557026,0.027587609794669905,0.2722112619276253,0.43134684352512176,0.4313484798500235,0.24620959285265193,-0.6334707210942309,-0.6334707210942309,-0.6334707210942309,-0.3235390805012287
0.7442051320562854,0.5131269053096642,-0.7532780727550733,0.495383162365542,-0.5418590803677993,0.16795235324230573,0.6818753974232414,-0.1980211598017296,1.4468785568975613,-0.23244625285126572,-0.22399101709724376,0.21664730530205667,-2.2877912402854603,0.32193706612295336,0.32193840057980666,0.24903462469230564,-0.18922295177556156,-0.18922295177556156,-0.18922295177556156,-0.14752726754674553
0.7442051320562854,0.6042173040458669,-1.2343803500083315,0.043670160478365354,-0.7720889392509346,0.16795235324230573,0.44313081473716215,-0.12364047223863693,1.4468785568975613,-0.214786630755329,-0.06162100621470575,0.2477163595992389,-0.7947586421833551,0.17284522528541602,0.1728461353796342,0.24903462469230564,-0.2634903295804097,-0.2634903295804097,-0.2634903295804097,-0.10755343428730492
0.7451185467670988,0.6626363246130278,-1.6300575773877413,0.1833302189764014,-0.9716214867784205,0.2084925490224136,0.10698794389647054,-0.05904232415663931,1.4468785568975613,-0.2005618482823111,0.16855162907493731,0.1868913800317559,-0.5369673223417734,-0.029369835286969324,-0.029369517546639957,0.2487155777222595,-0.3208627875937219,-0.3208627875937219,-0.3208627875937219,-0.07058024738613504
0.7477446140606874,0.6873021332969402,-1.736410716250457,1.0551144903821104,-0.9418012372851493,0.3389813041896358,-0.037921703480112215,-0.02521410230596944,1.4468785568975613,-0.19055927598709785,0.4005926044475178,0.276162182816487,-0.26001411751685827,-0.1155148987053686,-0.11551483679311718,0.2434371979332481,-0.30690732233329615,-0.30690732233329615,-0.30690732233329615,-0.03347655206498959
0.7526542181313096,0.6963895364962763,-1.8296311894860142,0.043670160478365354,0.021217380757441957,0.3389813041896358,-0.037921703480112215,0.004537638519158243,1.4468785568975613,-0.1803529595473017,-0.9543653109429852,0.28110408400555076,-0.20768382198569302,-0.11615007813938415,-0.11615001811767092,0.243517997662616,0.013166498999337252,0.013166498999337252,0.013166498999337252,-0.015296398333535714
0.8192193151818388,0.35431371606412326,-1.1831242274872569,0.043670160478365354,0.021217380757441957,0.16795235324230573,-0.18758248683625503,0.21606271855584055,1.5071844100505984,-0.12744318546704353,-0.9543653109429852,0.06969621228042208,0.23634379588219057,-0.2032005669809559,-0.2032007663481251,0.24903462469230564,0.0063654469309219345,0.0063654469309219345,0.0063654469309219345,0.3839275537195503
0.8829299912610757,0.012237895631970185,-1.1053413586217815,0.0542755961744182,0.061001100730395996,0.17479351128144335,-0.15765033015958185,0.21606271855584055,1.5071844100505984,-0.036058364561272156,-0.9087899235612292,0.4768610807086749,0.22576474208044278,-0.18740782777467202,-0.1874079800579539,0.24902736189246094,0.02736687830137096,0.02736687830137096,0.02736687830137096,0.34575419347839725
0.8886388332036598,0.04815477494363205,-0.014242226221351208,0.26116110244869134,0.3546166224716391,0.29404428573241886,0.0555638839344414,0.21606271855584055,1.5071844100505984,-0.025806753184768026,-0.5404197631545263,0.09205310959423335,1.1867756779341962,-0.07575336683918057,-0.07575318668801029,0.24659957644717115,0.1138819652407227,0.1138819652407227,0.1138819652407227,-0.04534130538329117
0.9074780116141871,0.11328116453887435,0.8392264839733345,0.39106851548094596,0.0500604138588155,0.48452358800471734,0.07400947068256325,0.21606271855584055,1.5071844100505984,0.008594990677535516,-0.6731468923541257,0.22988175540809513,0.9639765879310812,-0.0690369380675535,-0.06903673796769681,0.234339554357801,0.021459441482180652,0.021459441482180652,0.021459441482180652,-0.07146019405615929
0.938762465459547,0.15828544704987235,1.8272324848262593,0.2919101379462506,-0.25946957912666685,0.6126276257053638,-0.09493533523483327,0.21606271855584055,1.5071844100505984,0.06493953577241446,-0.5807120352890996,0.3752107655519051,1.1480132650802055,-0.1573026986516933,-0.15730276119939518,0.2219816639323871,-0.06705329773417437,-0.06705329773417437,-0.06705329773417437,-0.04837844056653766
0.9771258833137113,0.14140884110824808,2.2867958169469365,0.11339447838131025,-0.46452551757786886,0.6508576266086963,-0.40557578476860356,0.21606271855584055,1.5071844100505984,0.1312181225175172,-0.4048687728094781,0.41180796593889835,0.594656199346868,-0.30703537055635804,-0.30703587925238623,0.21954077533886604,-0.11633064690989602,-0.11633064690989602,-0.11633064690989602,0.009666471275160873
1.0128632338742871,0.05594397768592016,2.4757011105744606,-0.1862977646641879,-0.33276529821396017,0.5247656941185832,-0.6319534403137348,0.21606271855584055,1.5071844100505984,0.19148901870926488,-0.5151858939358119,0.3775211207694433,0.3408908599689644,-0.4077001528602745,-0.407700960046376,0.23400377067741013,-0.07311487375381343,-0.07311487375381343,-0.07311487375381343,0.06616404660793689
1.0311315280905557,-0.056566728591574834,1.8004218411121706,-0.4986237175247045,0.004675655442182423,0.24491538118610362,-0.6419098649849907,0.21606271855584055,1.5071844100505984,0.22361025441757135,-0.5179159842838187,0.22832409524340705,-0.5089277701463154,-0.4085776273431395,-0.40857843712105774,0.248359881883646,0.014722929085925568,0.014722929085925568,0.014722929085925568,0.08413194066682712
1.030674820735149,-0.15328266264165225,0.7202696878457844,-0.24837687211811105,0.22819891944327758,0.08478533394031625,-0.5095418191671083,0.21606271855584055,1.5071844100505984,0.2256392780365716,-0.6236080624098261,0.04512549393980691,-0.8489603467197888,-0.3485784209181482,-0.3485790530420949,0.24824847606923742,0.0683874110959108,0.0683874110959108,0.0683874110959108,0.07010532288693594
1.0136624717462488,-0.2015324462952703,-0.18183549865995693,-0.38201514776423345,0.4433745016048179,-0.14861888152010588,-0.2395655040355074,0.21606271855584055,1.5071844100505984,0.19831475170908722,-0.3688264411054256,-0.1223998826172358,-0.6820259035502232,-0.22703181626792474,-0.22703208668302877,0.23729318089041804,0.12259431548268834,0.12259431548268834,0.12259431548268834,0.03240552706882844
0.9854607925498842,-0.13748789041423468,-0.8275375271656779,-0.055430877752581806,1.075534714694249,-0.19975989137806188,0.39502556278977063,0.21606271855584055,1.5071844100505984,0.14606647570790493,0.234779692828424,-0.28328051085490435,-0.4794633450528053,0.07193350885829515,0.07193412520292024,0.23222492580377588,0.2953098806187787,0.2953098806187787,0.2953098806187787,-0.06131073132542357
0.9645664310400268,0.06394954717104961,-1.1023029375271278,0.4500895388310232,0.6939483516608154,0.02308077123238856,0.8252479127878876,0.21606271855584055,1.5071844100505984,0.10717117176754547,-0.12978721886304917,-0.1884361501279337,-0.0938405605808455,0.28607016177509276,0.28607139538450155,0.2463043938503718,0.2041415463694635,0.2041415463694635,0.2041415463694635,-0.187588146404133
0.9574874670312227,0.2857254585834196,-1.358893307780669,0.32224895637819406,-0.1620964631823612,0.13988606384822302,0.7355997814504607,0.21606271855584055,1.5071844100505984,0.10542288096523855,-0.6498442480280154,0.02049767578898088,-0.15082317433252362,0.24322364853042353,0.24322476058482456,0.24893194169726993,-0.03380353937332514,-0.03380353937332514,-0.03380353937332514,-0.20933406665913967
0.956574052320409,0.40386170017478934,-1.2568624679850977,0.2612175593534932,-0.19373129106478967,0.16795235324230573,0.7032555093312618,0.21606271855584055,1.5071844100505984,0.1151256787979696,-0.6558503963000752,0.2688910253962809,0.5703424576282239,0.22513060034564544,0.2251316607397341,0.24903462469230564,-0.052180411762306034,-0.052180411762306034,-0.052180411762306034,-0.1151289206168861
0.9694760351106487,0.48932656359711724,-0.7224859967288859,0.6678442405632439,-0.6596052077908287,0.4900568775996821,0.2934700312035827,0.21606271855584055,1.5071844100505984,0.14781161808926488,-0.03845179266976575,0.23174837669631018,0.6961140055105328,0.023746135044624188,0.023746609731183546,0.23616208116704482,-0.17290754057364208,-0.17290754057364208,-0.17290754057364208,-0.07953009932714832
1.0042999709604112,0.5568329873636143,0.462559486720691,0.39565564163949607,-0.6208678674979679,0.683051311499789,-0.1171538828888809,0.21606271855584055,1.5071844100505984,0.2168888219980258,-0.17834380984817513,0.4277801191371327,1.2748585145409967,-0.17124509481587874,-0.1712451989176082,0.2185850230959501,-0.15619141108191784,-0.15619141108191784,-0.15619141108191784,-0.05192053708011101
1.0569354936710356,0.5276234770800338,1.3560768788100923,0.4204261229459528,-0.5530211873517217,0.8896274562176338,-0.48438874632876033,0.21606271855584055,1.5071844100505984,0.30299670543639395,-0.2406619992425698,0.5249769148890898,1.0015256938406303,-0.3317420674366835,-0.3317426495729372,0.194580344999566,-0.12581113571260732,-0.12581113571260732,-0.12581113571260732,0.03471927211374927
1.1206461697502725,0.4105690692028708,1.5099732547517921,0.24154731550575848,-0.5631408310899134,0.991741800492587,-0.836112548193666,0.649098681251465,1.5071844100505984,0.39945740650976014,-0.27778494707896484,0.6184693760174491,0.3170851676136006,-0.4704446407960786,-0.47044563273429785,0.18479598440124667,-0.11425106791816295,-0.11425106791816295,-0.11425106791816295,0.10032002400258329
1.1764786439487438,0.21583900064566786,1.3834568527175908,-0.480179647745445,-0.37013013653626686,0.7045137680938507,-1.0863856229265536,0.7736087069664253,1.5071844100505984,0.4823723747462859,-0.34495493399989813,0.5067544400793631,0.045155717257117624,-0.5587528521574173,-0.5587541016949498,0.22392012040033102,-0.062232017939080696,-0.062232017939080696,-0.062232017939080696,0.14495886871977726
1.2135861165755397,-0.0048550770524954006,0.6702854869590721,-0.3232999328342197,0.15756626450938943,0.5033032375245214,-0.9991883037536142,0.7736087069664253,1.5071844100505984,0.542169491842499,-0.6217787779769872,0.374817188143611,-0.5048840923969,-0.51525195864493,-0.5152530816887678,0.2397669920864504,0.05385678110374648,0.05385678110374648,0.05385678110374648,0.15060716749587696
1.2323111181472153,-0.1500371614990322,0.05607453780685191,-0.3907498004592356,0.8160908124643517,0.27912117135807024,-0.5207558974029064,0.7736087069664253,1.5071844100505984,0.577586086736898,0.005927962077747682,0.2483066801852126,-0.44809238133775386,-0.3292074921419085,-0.3292080667486081,0.24804920313363527,0.18964077821334338,0.18964077821334338,0.18964077821334338,0.09076927490353978
1.2372207222178373,-0.1926614098387755,-0.2719534779202579,-0.18799690129515717,0.6576560117042736,0.18198549793934707,-0.2095108067480535,0.7736087069664253,1.5071844100505984,0.5878223634803693,-0.21432288861260365,0.10994099515298138,-0.23841106634608203,-0.21145491354987772,-0.2114551375265787,0.24901906961938727,0.15116316640873853,0.15116316640873853,0.15116316640873853,0.018580476059345322
1.236307307507024,-0.11044204755906763,-0.5148947123787113,-0.01552641065027145,0.7191252041506593,0.14189079880772157,0.34182980812072605,0.7736087069664253,1.5071844100505984,0.5833788286334948,-0.1675362680852681,0.013016042228891697,-0.020616272107195757,-0.003509488016875691,-0.0035090937717742543,0.2489807558636867,0.1638040214569797,0.1638040214569797,0.1638040214569797,-0.0676862614236251
1.2313977034364019,0.09207722374042338,-0.4106490205447026,-0.07706136196809357,0.7578589645549425,0.07958739523276002,0.7852126051998615,0.7736087069664253,1.5071844100505984,0.5741283112232565,-0.11972351876089854,-0.022548275936018016,0.2676238650911398,0.16530073064324033,0.16530161893364,0.24841002255429165,0.1735133105581665,0.1735133105581665,0.1735133105581665,-0.1520139003232287
1.226031392010373,0.31039126726733196,-0.16752417810904158,0.12654423988694635,-0.28589536944457344,0.12502744005418212,0.5888090281074171,0.7736087069664253,1.5071844100505984,0.5742129644037097,-0.6023913743275212,0.03402866270549939,0.39172638024693196,0.09089023091876264,0.09089090276836709,0.2488872481265078,-0.04999182669471557,-0.04999182669471557,-0.04999182669471557,-0.1637109529402708
1.2242045625887459,0.43653307834383115,-0.07667160531316945,0.1915455166265287,-1.149304767301682,0.16795235324230573,0.19250839168219236,0.7736087069664253,1.5071844100505984,0.5812900926175142,0.36823317949307915,0.10983831479348266,0.324675414561804,-0.05969465299995108,-0.05969442516562459,0.24903462469230564,-0.23497034969972586,-0.23497034969972586,-0.23497034969972586,-0.0985076213007899
1.2255746846549662,0.4713681239412863,0.09370681911772677,1.1042137296978265,-0.5629086672730378,0.3047755140001698,0.10461237590669051,0.7736087069664253,1.5071844100505984,0.5871011874694333,0.12235148305007627,0.17449611292400824,0.8426900087033882,-0.09317495299271675,-0.09317482462032405,0.2475549384145968,-0.10977675328515807,-0.10977675328515807,-0.10977675328515807,-0.034272476402573894
1.2430437409992732,0.49149023102553063,0.9313664945706568,0.2937756735225191,-0.2593005885326446,0.47417561784866974,-0.1169941808419909,0.7736087069664253,1.5071844100505984,0.6193936497615794,-0.5800689583562677,0.18273932788820102,0.7995583532939301,-0.17700923909553057,-0.17700936037935888,0.24183791735322896,-0.04422772979720444,-0.04422772979720444,-0.04422772979720444,-0.019760249504665383
1.2823205735642509,0.4657425886274116,1.399873119123404,0.5715746606075616,-0.6022356856207738,0.7466003040790081,-0.4922490815948189,0.84635874869929,1.5071844100505984,0.6847392073530949,-0.1343481151297802,0.4297916132263555,0.6304954049173822,-0.3129967522197039,-0.3129972786442396,0.22479300585920464,-0.11171036836844422,-0.11171036836844422,-0.11171036836844422,0.016402974022103736
1.3340426815640618,0.3532318823499166,1.4018934533796499,0.21155897815475808,-0.41749170794287305,0.8386541218067373,-0.7728106482084831,0.8712204217341143,1.5071844100505984,0.7651093342252068,-0.4425414773486864,0.4922306259016532,0.1656700337060195,-0.4069065319553695,-0.4069073367971557,0.21865209615523337,-0.06716551132894498,-0.06716551132894498,-0.06716551132894498,0.0728299169272657
1.3853080822084658,0.16975288442046318,1.676658912229122,-0.20586950297419265,-0.37209670698856046,0.7018309610195931,-1.0243413765919622,0.8712204217341143,1.5071844100505984,0.8450943699045875,-0.4683932687387372,0.49003284923788726,0.421392196961923,-0.4848896600234503,-0.4848906943106038,0.2310279973620871,-0.05313836300031999,-0.05313836300031999,-0.05313836300031999,0.11121432671569659
1.4227580853518165,-0.04401745750677731,0.9814698143651174,-0.27832698337251116,-0.03606922584506423,0.5356645978626734,-1.0588220472861836,0.8712204217341143,1.5071844100505984,0.908175627745525,-0.6875459727757086,0.4160612246206329,-0.5287616570557038,-0.48908931039305675,-0.4890903569780944,0.24091860532744094,0.01161410270757021,0.01161410270757021,0.01161410270757021,0.12161544454597421
1.4446800384113392,-0.22425095429361067,0.48773180097970475,-0.3187128066767822,0.48155874430838,0.33696919892054245,-0.7644262905957003,0.8712204217341143,1.7235377344026968,0.9512651506339272,-0.3599951305500051,0.27946429160712366,-0.2991463302901188,-0.3892758478282784,-0.3892766005474997,0.24737760063724848,0.10345319190929568,0.10345319190929568,0.10345319190929568,0.09639335937512261
1.4540425391971767,-0.32551058994335613,0.3629556340604632,-0.2064471410704388,0.64651394433724,0.24016457697562288,-0.4821529175689806,0.8712204217341143,1.781532841621817,0.9729227712471253,-0.22251387408082993,0.20865046947872687,-0.0019578521150548983,-0.2974183932743347,-0.2974188733603702,0.24873724098498473,0.13015523377657875,0.13015523377657875,0.13015523377657875,0.0482536022122184
1.4566686064907655,-0.35688376765534996,0.4137230781316374,-0.17786560731071477,0.9507671552386311,0.20443852947095,-0.30731111360828334,0.8712204217341143,1.781532841621817,0.9795267836183342,0.10675889895516429,0.1616920389274773,0.3256119647826686,-0.24139710541885065,-0.24139741865360875,0.24895909530370033,0.18329960871558768,0.18329960871558768,0.18329960871558768,0.007470058702535188
1.4584954359123923,-0.3694330387401475,0.5262046221545479,0.03925122890257428,0.11061234687573153,0.20215814343954924,-0.2535044985676402,0.8712204217341143,1.781532841621817,0.9835680266632297,-0.8537022893459799,0.058051051163879944,0.27582830341261405,-0.2241983659677047,-0.22419862793604964,0.24896844975314306,0.03163829196445743,0.03163829196445743,0.03163829196445743,-0.0035134778828793387
1.4615782105613875,-0.36380750342627266,0.5439035583729667,0.054679263276908516,0.28949036477557316,0.20819445935617165,-0.08193958091519384,0.8712204217341143,1.781532841621817,0.9885422854533923,-0.6523355549636574,0.06193441933375608,0.18037008019291703,-0.16961560707816822,-0.16961570632286815,0.24894338617466738,0.06361695999420963,0.06361695999420963,0.06361695999420963,-0.014346971163351737
1.4637475704995697,-0.2735825716614354,0.5927984758420812,-0.010152119866817563,0.7842467106227612,0.17868358153704017,0.40603003202172333,0.8712204217341143,1.781532841621817,0.9868807880872099,-0.09460317368650492,0.02406310391195739,0.20961901294484256,-0.014363367040599246,-0.014363004885279591,0.24902812811892563,0.15228002447480996,0.15228002447480996,0.15228002447480996,-0.06368941637421544
1.4580387285569856,-0.026059017850946373,1.0755833682773117,-0.27540269045045707,1.3734598938408455,0.01402629735470999,1.2199415474284554,0.8712204217341143,1.781532841621817,0.9697282992596157,0.5888522058746479,-0.0704646961269605,0.6447192113896463,0.24755547083762353,0.24755659523219137,0.24768004765553583,0.2606425117992899,0.2606425117992899,0.2606425117992899,-0.15610483406722794
1.413053054049424,0.43307121045836977,1.7971163318288412,-1.3391954744841381,1.3129263972338343,-0.7442020520053209,2.046010381209039,0.8712204217341143,1.781532841621817,0.9085294637068394,0.8757808464174714,-0.315725951148048,0.840275405031152,0.5296273065924147,0.5296292055881403,0.19910704041026195,0.26397439173395953,0.26397439173395953,0.26397439173395953,-0.28905631679074634
1.3314166142704729,1.037599889957064,2.349422138222054,-0.1275825497341744,0.3620895901373106,-0.8381002996043414,2.2640036791413873,0.8712204217341143,1.1703290027950335,0.854831353401044,-0.5467989702040499,-0.27291811959982804,0.681610296810749,0.6188211565922693,0.6188232859264691,0.18560070084023225,0.09410013492344495,0.09410013492344495,0.09410013492344495,-0.39963768798111865
1.2675917613523842,1.6622506765400025,2.151934464673996,0.9768445269300474,0.16626219322650612,-0.3565364297820946,2.351305802818444,1.3702795113003126,0.5888388757277443,0.914417882815422,-0.18646256645341056,0.394869693092219,-0.032958604908922856,0.6278337666058345,0.6278359187504724,0.23260487115592265,0.023977874220087778,0.023977874220087778,0.023977874220087778,-0.402458432319905
1.2442996862266416,2.193431030215484,2.0487888852491984,0.9023801788426087,-1.2480399566259852,0.11429621175715124,1.5395951813969677,2.186016431498042,0.09186478603811137,1.069039507991244,0.6321264077513358,0.9159957321982198,0.06706788641774541,0.3292600962849471,0.32926145122452444,0.24888209724680252,-0.24742001872144115,-0.24742001872144115,-0.24742001872144115,-0.2957261006792143
1.242016149449608,2.5378868848188922,1.8416608231372962,0.14152885202838805,-1.2059225730100853,0.16795235324230573,0.7548193088405132,2.7064729063974995,-0.3486366635567757,1.2085331692624612,0.4288320324743857,0.8296580367821109,-0.030424691833794523,0.072841591095949,0.07284221010246938,0.24903462469230564,-0.21029251902884094,-0.21029251902884094,-0.21029251902884094,-0.1657363921395812
1.2447563935820483,2.6999450563419627,1.4054647578377313,0.1762381066910829,-0.9909691830437785,0.23636393363679273,0.14558665120185202,2.882335588512065,-0.557726716279507,1.2837453058819843,0.1896719718701996,0.4896211319237097,-0.2707564962404542,-0.10816558483578298,-0.10816550105262768,0.24882234671789258,-0.1538388769254304,-0.1538388769254304,-0.1538388769254304,-0.07490345207116947
1.2496659976526705,2.742569823546796,0.7344789411100741,0.011866085722939188,-0.47351970847530656,0.21892568765320253,-0.1708057290614209,2.947138068135442,-0.5698321689951148,1.3094679482800693,-0.39702775430403586,0.18034874343438934,-0.4653314885789626,-0.1984575375626023,-0.1984577227888428,0.24891885638711506,-0.06397916700877132,-0.06397916700877132,-0.06397916700877132,-0.023332551824860184
1.2518353575908523,2.735862973383805,0.5320678746062851,-0.04929559649415624,-0.11252827306122265,0.16795235324230573,-0.25633824053570703,2.966294484014874,-0.5698321689951148,1.3093138213938416,-0.7863139058864563,0.032665906900562196,-0.02600210018732815,-0.2226398356938218,-0.22264009301595727,0.24903462469230564,-0.005754126973895868,-0.005754126973895868,-0.005754126973895868,-0.006074739276831007
1.2518353575908523,2.7101148121205956,0.3220328747531256,0.043670160478365354,-0.09543863250842109,0.16795235324230573,-0.32655321426998596,2.966294484014874,-0.5698321689951148,1.2977320780008403,-0.8230869020500544,-0.036684495617974204,-0.04545807225242723,-0.2426492894578061,-0.24264960642460331,0.24903462469230564,-0.00318039809603174,-0.00318039809603174,-0.00318039809603174,-0.0003564545319696078
1.2518353575908523,2.6651105296095983,0.26025218458430255,0.043670160478365354,-0.10234879513985402,0.16795235324230573,-0.40557578476860356,2.966294484014874,-0.5698321689951148,1.277642348000551,-0.8153105763378216,-0.08110974969510226,0.10585105066001951,-0.2655145313575569,-0.2655149164555017,0.24903462469230564,-0.0045941503823595424,-0.0045941503823595424,-0.0045941503823595424,0.007500626367574941
1.2509219428800389,2.5761832794367185,0.38648622470285104,0.004526683858356263,-0.3747250889018751,0.14648989664824394,-0.6587874059492737,2.966294484014874,-0.657099609536912,1.2372929213524522,-0.5076826391615687,-0.19673505961650659,0.28213113495031794,-0.3398184977046987,-0.33981910382652625,0.24901303926845936,-0.04989799909573053,-0.04989799909573053,-0.04989799909573053,0.025136474062884828
1.2357364233127655,2.388160579907596,0.47613589048255395,-0.6051979488035559,-0.9364476731711283,-0.18835796131231403,-1.235203697963158,2.966294484014874,-0.6960563050320739,1.1360831311270398,0.2429933737113134,-0.5801761035797062,0.25308351233909937,-0.5182202981460929,-0.5182214298473764,0.24263533639731255,-0.15140081808154635,-0.15140081808154635,-0.15140081808154635,0.05717900934215621
1.178191296531519,2.115755369535444,0.2498125517886871,-2.277707010810262,-0.8453119394900351,-1.1616881064302702,-1.6589727525061724,2.966294484014874,-0.6960563050320739,0.9434935289397485,1.1515965537578086,-1.4037907093604503,-0.11371353152798921,-0.6792903662114264,-0.6792919612823827,0.1458539484053689,-0.1699650905922505,-0.1699650905922505,-0.1699650905922505,0.06650442460523036
1.109114309026253,1.9108560640646983,0.09820303259831738,-9.62359240128798,-3.272233443876355,-2.408883843374418,-2.1545527841630814,2.966294484014874,-0.6960563050320739,0.7635028710145809,7.657322016791958,-4.33220450322471,-0.44034915740583075,-0.888330242693479,-0.8883324140306595,-0.20005340225730842,-0.7669174482685066,-0.7669174482685066,-0.7669174482685066,0.03239022555782024
1.050769944373045,1.7803869181313723,0.011171720014709128,-5.170669036684797,-2.394222747690165,-3.0815977147569646,-2.518014684810479,2.966294484014874,-0.6989173315988194,0.6284765921984873,4.0424464405206955,-3.2415743449061685,-0.1830216081148024,-1.064350891294006,-1.064353517743753,-0.5547493099288803,-0.6433224910223185,-0.6433224910223185,-0.6433224910223185,0.006779736485410361
0.9588575890974428,1.6105390250009233,-0.10269431866732197,1.148403045081971,2.3419343783354885,-2.7965494631780814,-1.8195976958151463,2.966294484014874,-0.7536114762275701,0.42957461530565794,1.8041831699934399,-2.3786805268621776,-0.06308764785835337,-0.8656835432794949,-0.8656856538779257,-0.5582234050445334,0.3873619886402504,0.3873619886402504,0.3873619886402504,-0.0009803895091564298
0.7027589395531256,1.448263967869921,-0.31293207926643846,-2.9801634095743617,1.807518862057755,-4.454524235703755,-0.6772289714227611,2.966294484014874,-0.9953851694725522,0.001133896994064297,2.200437850750074,-2.411633765508188,-0.03334030342630247,-0.45550543902410073,-0.45550638708726593,-2.913558251287065,0.3768019758879604,0.3768019758879604,0.3768019758879604,-0.22079505503193586
0.39665083459177286,1.4268436603286296,-0.6404445056913542,-3.208143584766499,3.933422478580503,-5.293572149492715,0.50014444651781,2.966294484014874,-1.0743991217285314,-0.3805523234247126,4.1661475229044544,-4.595435351570727,-0.48875060968775386,0.26306911265168986,0.26307028114807807,-7.394210101813048,1.360399711438282,1.360399711438282,1.360399711438282,-0.6051303857304485
0.17217916940937092,1.5529854714051288,-0.6979467744124097,1.2613313040641114,1.6385273358178163,-4.940112315051284,1.0477128678493683,2.966294484014874,-1.1516526086834205,-0.4745621144759671,1.1123164296867813,-0.9798978012899242,0.06193945948674362,0.7049424060498586,0.7049447496140047,-7.612136568533052,0.7506485388772527,0.7506485388772527,0.7506485388772527,-0.751079122306534
0.0026265637146268344,1.6925420205377897,-0.6969211719305689,-2.5193101318019986,3.8890790433875213,-5.270768286882789,1.6297270253454794,2.966294484014874,-1.1516526086834205,-0.42197946880045284,3.8615467881983316,1.3089599896556574,0.1678625576481366,1.072636944150272,1.0726400921180355,-7.8780352998686345,1.3918691086780706,1.3918691086780706,1.3918691086780706,-0.6019316658446112
-0.14283472898241287,1.844431474012408,-0.7640624553881745,3.512531411703295,-0.724727366396469,-4.3757167789913165,1.405235851035595,2.966294484014874,-1.8215107375581638,-0.2944206073309991,1.9584857300165421,1.580542779319517,0.03000541969183549,0.8048777378157905,0.804880318782131,-4.360713131446836,-0.4855834691613373,-0.4855834691613373,-0.4855834691613373,-0.4453393017024613
-0.29229221103926134,1.9963209274870264,-1.8296311894860142,0.043670160478365354,0.021217380757441957,-4.3757167789913165,1.405235851035595,2.966294484014874,-2.4846565966429655,-0.12326606449354206,-0.9543653109429852,4.184971825669301,-4.082241624443094,0.6871896619823954,0.6871919620850047,-3.347211836120976,-0.4249766259169983,-0.4249766259169983,-0.4249766259169983,-0.36629878690948803
